Year,country,region,happiness_score,gdp_per_capita,social_support,healthy_life_expectancy,freedom_to_make_life_choices,generosity,perceptions_of_corruption
2015,Switzerland,Western Europe,7.587,1.397,1.350,0.941,0.666,0.297,0.420
2015,Iceland,Western Europe,7.561,1.323,1.422,0.948,0.629,0.436,0.141
2015,Denmark,Western Europe,7.527,1.325,1.366,0.875,0.649,0.341,0.484
2015,Norway,Western Europe,7.522,1.459,1.340,0.885,0.670,0.347,0.365
2015,Canada,North America and ANZ,7.427,1.326,1.323,0.956,0.633,0.458,0.330
2015,Finland,Western Europe,7.460,1.293,1.318,0.889,0.642,0.234,0.414
2015,Netherlands,Western Europe,7.378,1.329,1.282,0.893,0.616,0.476,0.318
2015,Sweden,Western Europe,7.364,1.332,1.290,0.919,0.660,0.363,0.438
2015,New Zealand,North America and ANZ,7.286,1.252,1.320,0.984,0.639,0.475,0.429
2015,Australia,North America and ANZ,7.284,1.334,1.392,0.932,0.651,0.436,0.356
2015,Israel,Middle East and North Africa,7.278,1.229,1.224,0.914,0.413,0.332,0.779
2015,Costa Rica,Latin America and Caribbean,7.226,0.956,1.238,0.863,0.634,0.255,0.158
2015,Austria,Western Europe,7.200,1.337,1.297,0.894,0.624,0.339,0.187
2015,Mexico,Latin America and Caribbean,7.187,1.254,0.915,0.814,0.482,0.147,0.213
2015,United States,North America and ANZ,7.119,1.395,1.247,0.862,0.546,0.415,0.159
2015,Brazil,Latin America and Caribbean,6.983,0.981,1.233,0.697,0.495,0.146,0.175
2015,Luxembourg,Western Europe,6.946,1.564,1.220,0.919,0.616,0.283,0.378
2015,Ireland,Western Europe,6.940,1.336,1.369,0.895,0.618,0.459,0.287
2015,Belgium,Western Europe,6.937,1.378,1.286,0.897,0.585,0.223,0.225
2015,United Arab Emirates,Middle East and North Africa,6.910,1.427,1.126,0.893,0.642,0.264,0.386
2015,United Kingdom,Western Europe,6.867,1.266,1.285,0.994,0.596,0.519,0.327
2015,Venezuela,Latin America and Caribbean,6.810,1.442,1.256,0.725,0.430,0.584,0.117
2015,Singapore,Southeast Asia,6.798,1.522,1.200,1.253,0.543,0.312,0.492
2015,Panama,Latin America and Caribbean,6.786,1.635,1.199,0.797,0.542,0.244,0.927
2015,Germany,Western Europe,6.750,1.328,1.299,0.892,0.615,0.282,0.218
2015,Chile,Latin America and Caribbean,6.670,1.172,1.124,0.859,0.441,0.334,0.129
2015,France,Western Europe,6.575,1.278,1.264,0.946,0.551,0.123,0.265
2015,Argentina,Latin America and Caribbean,6.574,1.535,1.248,0.787,0.450,0.115,0.848
2015,Uruguay,Latin America and Caribbean,6.485,1.617,1.289,0.812,0.636,0.232,0.246
2015,Colombia,Latin America and Caribbean,6.477,0.919,1.242,0.698,0.535,0.184,0.512
2015,Thailand,Southeast Asia,6.455,0.967,1.265,0.739,0.557,0.576,0.319
2015,Saudi Arabia,Middle East and North Africa,6.411,1.395,1.839,0.723,0.315,0.138,0.325
2015,Spain,Western Europe,6.329,1.231,1.314,0.956,0.460,0.182,0.640
2015,Malta,Western Europe,6.320,1.274,1.323,0.887,0.637,0.518,0.136
2015,Taiwan Province of China,East Asia,6.298,1.300,1.762,0.875,0.397,0.254,0.813
2015,El Salvador,Latin America and Caribbean,6.130,0.765,1.257,0.677,0.435,0.169,0.118
2015,Guatemala,Latin America and Caribbean,6.123,0.746,1.436,0.644,0.577,0.275,0.947
2015,Uzbekistan,Commonwealth of Independent States,6.300,0.632,1.344,0.598,0.658,0.228,0.383
2015,Slovakia,Central and Eastern Europe,5.995,1.169,1.270,0.789,0.318,0.169,0.343
2015,Japan,East Asia,5.987,1.277,1.257,0.991,0.496,0.175,0.186
2015,South Korea,East Asia,5.984,1.245,0.958,0.965,0.333,0.186,0.786
2015,Ecuador,Latin America and Caribbean,5.975,0.864,0.999,0.798,0.486,0.115,0.189
2015,Bahrain,Middle East and North Africa,5.960,1.324,1.216,0.747,0.455,0.174,0.360
2015,Italy,Western Europe,5.948,1.251,1.198,0.954,0.262,0.228,0.291
2015,Bolivia,Latin America and Caribbean,5.890,0.681,0.978,0.539,0.574,0.254,0.880
2015,Moldova,Central and Eastern Europe,5.889,0.594,1.153,0.618,0.328,0.295,0.162
2015,Paraguay,Latin America and Caribbean,5.878,0.760,1.348,0.670,0.539,0.342,0.824
2015,Kazakhstan,Commonwealth of Independent States,5.855,1.123,1.122,0.644,0.516,0.118,0.845
2015,Slovenia,Central and Eastern Europe,5.848,1.185,1.274,0.873,0.686,0.253,0.379
2015,Lithuania,Central and Eastern Europe,5.833,1.147,1.257,0.731,0.213,0.264,0.131
2015,Nicaragua,Latin America and Caribbean,5.828,0.593,1.142,0.743,0.555,0.278,0.193
2015,Peru,Latin America and Caribbean,5.824,0.919,0.975,0.732,0.415,0.150,0.599
2015,Poland,Central and Eastern Europe,5.791,1.126,1.279,0.779,0.531,0.168,0.421
2015,Malaysia,Southeast Asia,5.770,1.125,1.723,0.724,0.532,0.338,0.151
2015,Croatia,Central and Eastern Europe,5.759,1.825,0.796,0.789,0.259,0.544,0.243
2015,Russia,Central and Eastern Europe,5.716,1.138,1.236,0.669,0.367,0.199,0.350
2015,Jamaica,Latin America and Caribbean,5.790,0.814,1.151,0.687,0.544,0.212,0.230
2015,Cyprus,Western Europe,5.689,1.281,0.893,0.924,0.467,0.364,0.615
2015,Algeria,Middle East and North Africa,5.650,0.939,1.777,0.618,0.286,0.782,0.174
2015,Kosovo,Central and Eastern Europe,5.589,0.815,0.812,0.631,0.247,0.283,0.474
2015,Mauritius,Sub-Saharan Africa,5.477,1.761,0.985,0.795,0.567,0.377,0.752
2015,Hong Kong S.A.R. of China,East Asia,5.474,1.386,1.582,1.133,0.597,0.395,0.371
2015,Estonia,Central and Eastern Europe,5.429,1.152,1.228,0.774,0.449,0.868,0.152
2015,Indonesia,Southeast Asia,5.399,0.828,1.878,0.638,0.466,0.515,0.351
2015,Vietnam,Southeast Asia,5.360,0.632,0.912,0.747,0.594,0.169,0.144
2015,Kyrgyzstan,Commonwealth of Independent States,5.286,0.474,1.151,0.659,0.435,0.330,0.423
2015,Nigeria,Sub-Saharan Africa,5.268,0.654,0.943,0.167,0.343,0.272,0.430
2015,Pakistan,South Asia,5.194,0.595,0.414,0.515,0.121,0.337,0.146
2015,Jordan,Middle East and North Africa,5.192,0.920,1.539,0.696,0.466,0.115,0.143
2015,Montenegro,Central and Eastern Europe,5.192,0.974,0.956,0.725,0.183,0.161,0.143
2015,China,East Asia,5.140,0.891,0.947,0.817,0.517,0.819,0.278
2015,Zambia,Sub-Saharan Africa,5.129,0.474,0.916,0.299,0.488,0.196,0.125
2015,Romania,Central and Eastern Europe,5.124,1.435,0.886,0.769,0.357,0.137,0.649
2015,Serbia,Central and Eastern Europe,5.123,0.925,1.964,0.748,0.217,0.192,0.262
2015,Portugal,Western Europe,5.120,1.160,1.139,0.875,0.515,0.137,0.178
2015,Latvia,Central and Eastern Europe,5.980,1.113,1.956,0.724,0.297,0.182,0.633
2015,Philippines,Southeast Asia,5.730,0.753,1.352,0.581,0.625,0.250,0.123
2015,Morocco,Middle East and North Africa,5.130,0.735,0.650,0.695,0.417,0.717,0.855
2015,North Macedonia,Central and Eastern Europe,5.700,0.919,1.232,0.735,0.335,0.224,0.533
2015,Albania,Central and Eastern Europe,4.959,0.879,0.843,0.813,0.357,0.143,0.641
2015,Bosnia and Herzegovina,Central and Eastern Europe,4.949,0.832,0.919,0.798,0.925,0.249,0.227
2015,Dominican Republic,Latin America and Caribbean,4.885,0.895,1.172,0.668,0.577,0.217,0.142
2015,Mongolia,East Asia,4.874,0.828,1.360,0.627,0.436,0.332,0.267
2015,Greece,Western Europe,4.857,1.155,0.929,0.882,0.770,0.475,0.140
2015,Lebanon,Middle East and North Africa,4.839,1.256,0.810,0.839,0.339,0.219,0.458
2015,Hungary,Central and Eastern Europe,4.800,1.129,1.222,0.760,0.321,0.128,0.276
2015,Honduras,Latin America and Caribbean,4.788,0.595,0.953,0.695,0.415,0.233,0.683
2015,Tajikistan,Commonwealth of Independent States,4.786,0.395,0.856,0.574,0.472,0.230,0.157
2015,Tunisia,Middle East and North Africa,4.739,0.881,0.643,0.738,0.263,0.643,0.636
2015,Bangladesh,South Asia,4.694,0.398,0.432,0.616,0.482,0.212,0.126
2015,Iran,Middle East and North Africa,4.686,1.880,0.544,0.699,0.333,0.389,0.586
2015,Ukraine,Central and Eastern Europe,4.681,0.800,1.228,0.674,0.251,0.153,0.296
2015,Iraq,Middle East and North Africa,4.677,0.985,0.819,0.624,0.304,0.179,0.138
2015,South Africa,Sub-Saharan Africa,4.642,0.925,1.185,0.277,0.333,0.120,0.888
2015,Ghana,Sub-Saharan Africa,4.633,0.546,0.680,0.413,0.423,0.239,0.436
2015,Zimbabwe,Sub-Saharan Africa,4.610,0.271,1.328,0.335,0.259,0.190,0.879
2015,Liberia,Sub-Saharan Africa,4.571,0.712,0.790,0.342,0.285,0.244,0.623
2015,India,South Asia,4.565,0.645,0.382,0.515,0.398,0.265,0.849
2015,Nepal,South Asia,4.514,0.360,0.864,0.569,0.383,0.323,0.597
2015,Ethiopia,Sub-Saharan Africa,4.512,0.197,0.646,0.446,0.435,0.243,0.155
2015,Sierra Leone,Sub-Saharan Africa,4.570,0.332,0.956,0.258,0.484,0.215,0.879
2015,Mauritania,Sub-Saharan Africa,4.436,0.455,0.870,0.359,0.242,0.219,0.175
2015,Kenya,Sub-Saharan Africa,4.419,0.365,0.999,0.414,0.422,0.375,0.584
2015,Armenia,Central and Eastern Europe,4.350,0.768,0.777,0.730,0.198,0.786,0.390
2015,Botswana,Sub-Saharan Africa,4.332,0.994,1.146,0.478,0.495,0.146,0.125
2015,Myanmar,Southeast Asia,4.370,0.272,0.795,0.482,0.442,0.796,0.193
2015,Georgia,Central and Eastern Europe,4.297,0.742,0.386,0.729,0.458,0.555,0.383
2015,Malawi,Sub-Saharan Africa,4.292,0.164,0.411,0.226,0.435,0.331,0.698
2015,Sri Lanka,South Asia,4.271,0.835,1.195,0.786,0.537,0.483,0.918
2015,Cameroon,Sub-Saharan Africa,4.252,0.423,0.888,0.234,0.494,0.262,0.579
2015,Bulgaria,Central and Eastern Europe,4.218,1.122,1.161,0.766,0.359,0.119,0.872
2015,Egypt,Middle East and North Africa,4.194,0.882,0.747,0.617,0.173,0.113,0.632
2015,Mali,Sub-Saharan Africa,3.995,0.267,1.353,0.258,0.389,0.188,0.124
2015,Uganda,Sub-Saharan Africa,3.931,0.211,1.133,0.339,0.457,0.297,0.727
2015,Senegal,Sub-Saharan Africa,3.940,0.365,0.976,0.435,0.368,0.284,0.171
2015,Gabon,Sub-Saharan Africa,3.896,1.624,0.953,0.434,0.319,0.682,0.119
2015,Niger,Sub-Saharan Africa,3.845,0.694,0.773,0.298,0.477,0.194,0.156
2015,Cambodia,Southeast Asia,3.819,0.464,0.627,0.611,0.662,0.436,0.725
2015,Tanzania,Sub-Saharan Africa,3.781,0.285,1.268,0.382,0.329,0.344,0.575
2015,Madagascar,Sub-Saharan Africa,3.681,0.282,0.668,0.467,0.192,0.213,0.812
2015,Chad,Sub-Saharan Africa,3.667,0.342,0.766,0.151,0.235,0.184,0.527
2015,Guinea,Sub-Saharan Africa,3.656,0.174,0.465,0.249,0.377,0.287,0.121
2015,Ivory Coast,Sub-Saharan Africa,3.655,0.465,0.771,0.152,0.469,0.217,0.179
2015,Burkina Faso,Sub-Saharan Africa,3.587,0.258,0.852,0.271,0.395,0.217,0.128
2015,Afghanistan,South Asia,3.575,0.320,0.329,0.334,0.234,0.365,0.972
2015,Benin,Sub-Saharan Africa,3.340,0.287,0.354,0.319,0.485,0.183,0.810
2015,Togo,Sub-Saharan Africa,2.839,0.287,0.140,0.284,0.365,0.167,0.173
2016,Denmark,Western Europe,7.526,1.442,1.164,0.795,0.579,0.362,0.445
2016,Switzerland,Western Europe,7.590,1.527,1.145,0.863,0.586,0.288,0.412
2016,Iceland,Western Europe,7.510,1.427,1.183,0.867,0.566,0.477,0.150
2016,Norway,Western Europe,7.498,1.577,1.127,0.796,0.597,0.379,0.358
2016,Finland,Western Europe,7.413,1.460,1.135,0.819,0.571,0.255,0.414
2016,Canada,North America and ANZ,7.440,1.442,1.961,0.828,0.574,0.448,0.313
2016,Netherlands,Western Europe,7.339,1.465,1.291,0.812,0.552,0.474,0.299
2016,New Zealand,North America and ANZ,7.334,1.367,1.173,0.840,0.581,0.494,0.419
2016,Australia,North America and ANZ,7.313,1.444,1.148,0.851,0.568,0.475,0.323
2016,Sweden,Western Europe,7.291,1.452,1.876,0.831,0.582,0.383,0.487
2016,Israel,Middle East and North Africa,7.267,1.338,0.995,0.849,0.364,0.323,0.873
2016,Austria,Western Europe,7.119,1.454,1.838,0.857,0.544,0.329,0.213
2016,United States,North America and ANZ,7.140,1.580,1.478,0.779,0.482,0.418,0.149
2016,Costa Rica,Latin America and Caribbean,7.870,1.688,1.215,0.761,0.552,0.226,0.155
2016,Germany,Western Europe,6.994,1.448,1.977,0.815,0.535,0.345,0.286
2016,Brazil,Latin America and Caribbean,6.952,1.875,1.394,0.614,0.443,0.158,0.142
2016,Belgium,Western Europe,6.929,1.425,1.525,0.820,0.514,0.242,0.262
2016,Ireland,Western Europe,6.970,1.483,1.162,0.815,0.548,0.450,0.298
2016,Luxembourg,Western Europe,6.871,1.698,1.400,0.845,0.549,0.276,0.353
2016,Mexico,Latin America and Caribbean,6.778,1.116,0.715,0.711,0.378,0.117,0.184
2016,Singapore,Southeast Asia,6.739,1.646,0.868,0.947,0.488,0.328,0.470
2016,United Kingdom,Western Europe,6.725,1.428,1.867,0.899,0.536,0.516,0.274
2016,Chile,Latin America and Caribbean,6.750,1.217,0.959,0.819,0.378,0.316,0.115
2016,Panama,Latin America and Caribbean,6.710,1.184,0.989,0.784,0.489,0.242,0.842
2016,Argentina,Latin America and Caribbean,6.650,1.151,1.661,0.697,0.423,0.199,0.730
2016,United Arab Emirates,Middle East and North Africa,6.573,1.574,0.871,0.730,0.562,0.266,0.356
2016,Uruguay,Latin America and Caribbean,6.545,1.182,1.314,0.722,0.544,0.186,0.214
2016,Malta,Western Europe,6.488,1.378,1.988,0.832,0.550,0.562,0.176
2016,Colombia,Latin America and Caribbean,6.481,1.332,1.217,0.597,0.447,0.156,0.540
2016,France,Western Europe,6.478,1.395,1.580,0.838,0.466,0.122,0.179
2016,Thailand,Southeast Asia,6.474,1.893,1.448,0.649,0.496,0.587,0.283
2016,Saudi Arabia,Middle East and North Africa,6.379,1.490,0.848,0.593,0.379,0.155,0.380
2016,Taiwan Province of China,East Asia,6.379,1.397,0.926,0.796,0.324,0.255,0.663
2016,Spain,Western Europe,6.361,1.343,1.129,0.879,0.375,0.177,0.614
2016,Algeria,Middle East and North Africa,6.355,1.527,0.834,0.618,0.216,0.744,0.162
2016,Guatemala,Latin America and Caribbean,6.324,0.835,0.871,0.544,0.538,0.289,0.871
2016,Bahrain,Middle East and North Africa,6.218,1.442,0.944,0.657,0.474,0.171,0.258
2016,Venezuela,Latin America and Caribbean,6.840,1.134,1.332,0.619,0.198,0.425,0.834
2016,Slovakia,Central and Eastern Europe,6.780,1.280,1.827,0.737,0.234,0.138,0.295
2016,El Salvador,Latin America and Caribbean,6.680,0.874,0.898,0.596,0.373,0.888,0.161
2016,Malaysia,Southeast Asia,6.500,1.251,0.883,0.624,0.393,0.415,0.981
2016,Nicaragua,Latin America and Caribbean,5.992,0.694,0.895,0.652,0.466,0.298,0.163
2016,Uzbekistan,Commonwealth of Independent States,5.987,0.736,1.168,0.516,0.685,0.343,0.283
2016,Italy,Western Europe,5.977,1.355,1.417,0.851,0.188,0.167,0.256
2016,Ecuador,Latin America and Caribbean,5.976,0.974,0.860,0.686,0.427,0.174,0.184
2016,Japan,East Asia,5.921,1.387,1.654,0.915,0.468,0.122,0.190
2016,Kazakhstan,Commonwealth of Independent States,5.919,1.229,0.955,0.574,0.452,0.151,0.111
2016,Moldova,Central and Eastern Europe,5.897,0.692,0.831,0.524,0.252,0.200,0.193
2016,Russia,Central and Eastern Europe,5.856,1.232,1.526,0.590,0.327,0.274,0.359
2016,Poland,Central and Eastern Europe,5.835,1.246,1.469,0.696,0.452,0.144,0.550
2016,South Korea,East Asia,5.835,1.359,0.722,0.886,0.252,0.188,0.772
2016,Bolivia,Latin America and Caribbean,5.822,0.794,0.838,0.470,0.596,0.217,0.775
2016,Lithuania,Central and Eastern Europe,5.813,1.269,1.641,0.647,0.189,0.225,0.182
2016,Slovenia,Central and Eastern Europe,5.768,1.299,1.561,0.792,0.532,0.257,0.364
2016,Peru,Latin America and Caribbean,5.743,0.996,0.813,0.630,0.375,0.145,0.529
2016,Mauritius,Sub-Saharan Africa,5.648,1.144,0.757,0.662,0.461,0.370,0.523
2016,Latvia,Central and Eastern Europe,5.560,1.218,0.953,0.640,0.280,0.174,0.889
2016,Cyprus,Western Europe,5.546,1.319,0.770,0.849,0.296,0.280,0.523
2016,Paraguay,Latin America and Caribbean,5.538,0.894,1.111,0.583,0.462,0.253,0.740
2016,Romania,Central and Eastern Europe,5.528,1.170,0.728,0.676,0.367,0.129,0.679
2016,Estonia,Central and Eastern Europe,5.517,1.280,1.516,0.690,0.415,0.842,0.185
2016,Jamaica,Latin America and Caribbean,5.510,0.893,0.964,0.595,0.436,0.222,0.429
2016,Croatia,Central and Eastern Europe,5.488,1.186,0.689,0.752,0.240,0.184,0.420
2016,Hong Kong S.A.R. of China,East Asia,5.458,1.517,0.872,0.953,0.488,0.497,0.316
2016,Kosovo,Central and Eastern Europe,5.410,0.915,0.666,0.540,0.144,0.280,0.655
2016,Indonesia,Southeast Asia,5.314,0.951,0.876,0.494,0.392,0.565,0.322
2016,Jordan,Middle East and North Africa,5.330,0.997,0.862,0.671,0.362,0.143,0.133
2016,Philippines,Southeast Asia,5.279,0.812,0.879,0.474,0.549,0.217,0.118
2016,China,East Asia,5.245,1.278,0.794,0.736,0.441,0.496,0.275
2016,Kyrgyzstan,Commonwealth of Independent States,5.185,0.564,0.954,0.554,0.421,0.384,0.476
2016,Serbia,Central and Eastern Europe,5.177,1.344,0.813,0.646,0.157,0.274,0.434
2016,Bosnia and Herzegovina,Central and Eastern Europe,5.163,0.934,0.644,0.777,0.951,0.299,0.550
2016,Montenegro,Central and Eastern Europe,5.161,1.784,0.742,0.635,0.151,0.172,0.127
2016,Dominican Republic,Latin America and Caribbean,5.155,1.279,0.995,0.577,0.523,0.213,0.124
2016,Morocco,Middle East and North Africa,5.151,0.846,0.386,0.595,0.256,0.453,0.844
2016,Hungary,Central and Eastern Europe,5.145,1.241,0.932,0.677,0.198,0.990,0.447
2016,Pakistan,South Asia,5.132,0.688,0.261,0.436,0.146,0.312,0.139
2016,Lebanon,Middle East and North Africa,5.129,1.123,0.642,0.762,0.262,0.237,0.361
2016,Portugal,Western Europe,5.123,1.277,0.944,0.794,0.447,0.117,0.152
2016,North Macedonia,Central and Eastern Europe,5.121,1.193,0.782,0.647,0.277,0.236,0.747
2016,Vietnam,Southeast Asia,5.610,0.744,0.791,0.662,0.560,0.258,0.116
2016,Tunisia,Middle East and North Africa,5.450,0.977,0.432,0.596,0.236,0.394,0.817
2016,Greece,Western Europe,5.330,1.249,0.755,0.829,0.582,0.475,0.413
2016,Tajikistan,Commonwealth of Independent States,4.996,0.488,0.756,0.531,0.435,0.260,0.136
2016,Mongolia,East Asia,4.970,0.989,1.898,0.555,0.360,0.345,0.329
2016,Nigeria,Sub-Saharan Africa,4.875,0.752,0.645,0.518,0.279,0.232,0.350
2016,Honduras,Latin America and Caribbean,4.871,0.694,0.756,0.584,0.268,0.244,0.696
2016,Iran,Middle East and North Africa,4.813,1.118,0.389,0.642,0.225,0.385,0.557
2016,Zambia,Sub-Saharan Africa,4.795,0.612,0.638,0.236,0.427,0.179,0.115
2016,Nepal,South Asia,4.793,0.446,0.697,0.573,0.371,0.382,0.780
2016,Albania,Central and Eastern Europe,4.655,0.955,0.516,0.737,0.319,0.168,0.531
2016,Bangladesh,South Asia,4.643,0.542,0.247,0.530,0.398,0.191,0.126
2016,Sierra Leone,Sub-Saharan Africa,4.635,0.365,0.628,0.258,0.369,0.239,0.820
2016,Iraq,Middle East and North Africa,4.575,1.747,0.593,0.518,0.249,0.196,0.136
2016,Cameroon,Sub-Saharan Africa,4.513,0.525,0.625,0.127,0.427,0.227,0.613
2016,Ethiopia,Sub-Saharan Africa,4.580,0.293,0.379,0.346,0.367,0.295,0.172
2016,South Africa,Sub-Saharan Africa,4.459,1.242,0.965,0.186,0.425,0.137,0.842
2016,Sri Lanka,South Asia,4.415,0.973,0.848,0.627,0.582,0.470,0.796
2016,India,South Asia,4.440,0.744,0.292,0.459,0.429,0.253,0.872
2016,Myanmar,Southeast Asia,4.395,0.341,0.700,0.399,0.427,0.820,0.224
2016,Egypt,Middle East and North Africa,4.362,0.954,0.498,0.521,0.188,0.128,0.139
2016,Armenia,Central and Eastern Europe,4.360,0.869,0.625,0.648,0.144,0.779,0.362
2016,Kenya,Sub-Saharan Africa,4.356,0.523,0.762,0.315,0.458,0.413,0.669
2016,Ukraine,Central and Eastern Europe,4.324,0.873,1.141,0.586,0.129,0.236,0.183
2016,Ghana,Sub-Saharan Africa,4.276,0.632,0.494,0.297,0.497,0.212,0.326
2016,Georgia,Central and Eastern Europe,4.252,0.838,0.192,0.644,0.325,0.679,0.319
2016,Senegal,Sub-Saharan Africa,4.219,0.443,0.774,0.446,0.316,0.191,0.117
2016,Bulgaria,Central and Eastern Europe,4.217,1.114,0.925,0.679,0.212,0.128,0.615
2016,Mauritania,Sub-Saharan Africa,4.210,0.614,0.841,0.286,0.127,0.227,0.180
2016,Zimbabwe,Sub-Saharan Africa,4.193,0.354,0.715,0.160,0.254,0.185,0.858
2016,Malawi,Sub-Saharan Africa,4.156,0.879,0.147,0.294,0.414,0.397,0.756
2016,Gabon,Sub-Saharan Africa,4.121,1.159,0.724,0.349,0.290,0.624,0.931
2016,Mali,Sub-Saharan Africa,4.730,0.313,0.863,0.163,0.275,0.216,0.136
2016,Botswana,Sub-Saharan Africa,3.974,1.943,0.892,0.348,0.449,0.124,0.177
2016,Ivory Coast,Sub-Saharan Africa,3.916,0.556,0.576,0.448,0.466,0.234,0.155
2016,Cambodia,Southeast Asia,3.970,0.556,0.538,0.425,0.589,0.434,0.892
2016,Niger,Sub-Saharan Africa,3.856,0.133,0.653,0.262,0.384,0.297,0.172
2016,Chad,Sub-Saharan Africa,3.763,0.422,0.632,0.382,0.129,0.187,0.495
2016,Burkina Faso,Sub-Saharan Africa,3.739,0.320,0.635,0.213,0.334,0.244,0.125
2016,Uganda,Sub-Saharan Africa,3.739,0.347,0.998,0.196,0.437,0.271,0.644
2016,Madagascar,Sub-Saharan Africa,3.695,0.280,0.461,0.372,0.137,0.224,0.756
2016,Tanzania,Sub-Saharan Africa,3.666,0.472,0.776,0.357,0.318,0.315,0.599
2016,Liberia,Sub-Saharan Africa,3.622,0.176,0.535,0.232,0.257,0.246,0.485
2016,Guinea,Sub-Saharan Africa,3.670,0.224,0.319,0.188,0.395,0.299,0.119
2016,Benin,Sub-Saharan Africa,3.484,0.395,0.142,0.213,0.397,0.218,0.668
2016,Afghanistan,South Asia,3.360,0.382,0.114,0.173,0.164,0.313,0.711
2016,Togo,Sub-Saharan Africa,3.330,0.281,0.453,0.248,0.347,0.175,0.116
2017,Norway,Western Europe,7.537,1.616,1.534,0.797,0.635,0.362,0.316
2017,Denmark,Western Europe,7.522,1.482,1.551,0.793,0.627,0.355,0.478
2017,Iceland,Western Europe,7.542,1.486,1.616,0.834,0.627,0.476,0.154
2017,Switzerland,Western Europe,7.494,1.565,1.517,0.858,0.628,0.295,0.368
2017,Finland,Western Europe,7.469,1.444,1.542,0.892,0.618,0.245,0.383
2017,Netherlands,Western Europe,7.377,1.539,1.429,0.817,0.585,0.475,0.283
2017,Canada,North America and ANZ,7.316,1.479,1.481,0.835,0.611,0.436,0.287
2017,New Zealand,North America and ANZ,7.314,1.458,1.548,0.817,0.615,0.551,0.383
2017,Sweden,Western Europe,7.284,1.494,1.478,0.839,0.613,0.385,0.384
2017,Australia,North America and ANZ,7.284,1.484,1.514,0.844,0.617,0.478,0.312
2017,Israel,Middle East and North Africa,7.213,1.375,1.376,0.838,0.460,0.338,0.852
2017,Costa Rica,Latin America and Caribbean,7.790,1.198,1.416,0.760,0.581,0.215,0.117
2017,Austria,Western Europe,7.642,1.488,1.460,0.815,0.568,0.316,0.222
2017,United States,North America and ANZ,6.993,1.546,1.420,0.774,0.557,0.393,0.136
2017,Ireland,Western Europe,6.977,1.536,1.558,0.898,0.573,0.428,0.298
2017,Germany,Western Europe,6.951,1.488,1.473,0.799,0.563,0.336,0.277
2017,Belgium,Western Europe,6.900,1.464,1.462,0.819,0.540,0.232,0.251
2017,Luxembourg,Western Europe,6.863,1.742,1.458,0.846,0.597,0.283,0.319
2017,United Kingdom,Western Europe,6.714,1.442,1.496,0.853,0.582,0.493,0.265
2017,Chile,Latin America and Caribbean,6.652,1.253,1.284,0.819,0.377,0.327,0.823
2017,United Arab Emirates,Middle East and North Africa,6.648,1.626,1.266,0.727,0.683,0.369,0.324
2017,Brazil,Latin America and Caribbean,6.635,1.174,1.431,0.617,0.437,0.162,0.112
2017,Argentina,Latin America and Caribbean,6.599,1.185,1.445,0.695,0.495,0.195,0.597
2017,Mexico,Latin America and Caribbean,6.579,1.153,1.219,0.800,0.413,0.130,0.133
2017,Singapore,Southeast Asia,6.572,1.692,1.354,0.949,0.550,0.346,0.464
2017,Malta,Western Europe,6.527,1.343,1.488,0.822,0.589,0.575,0.154
2017,Uruguay,Latin America and Caribbean,6.454,1.218,1.412,0.719,0.579,0.176,0.179
2017,Guatemala,Latin America and Caribbean,6.454,0.872,1.256,0.542,0.531,0.283,0.772
2017,Panama,Latin America and Caribbean,6.452,1.234,1.373,0.762,0.553,0.216,0.798
2017,France,Western Europe,6.442,1.439,1.388,0.844,0.472,0.130,0.173
2017,Thailand,Southeast Asia,6.424,1.128,1.426,0.647,0.583,0.572,0.316
2017,Taiwan Province of China,East Asia,6.422,1.434,1.385,0.794,0.361,0.258,0.638
2017,Spain,Western Europe,6.430,1.384,1.533,0.889,0.488,0.191,0.791
2017,Colombia,Latin America and Caribbean,6.357,1.762,1.422,0.595,0.477,0.149,0.467
2017,Saudi Arabia,Middle East and North Africa,6.344,1.536,1.287,0.591,0.450,0.148,0.273
2017,Slovakia,Central and Eastern Europe,6.985,1.325,1.556,0.713,0.296,0.137,0.242
2017,Bahrain,Middle East and North Africa,6.870,1.488,1.323,0.653,0.537,0.173,0.257
2017,Malaysia,Southeast Asia,6.841,1.291,1.285,0.619,0.423,0.417,0.657
2017,Nicaragua,Latin America and Caribbean,6.720,0.737,1.287,0.654,0.448,0.317,0.137
2017,Ecuador,Latin America and Caribbean,6.800,1.824,1.286,0.686,0.455,0.151,0.141
2017,El Salvador,Latin America and Caribbean,6.300,0.998,1.182,0.596,0.432,0.783,0.900
2017,Poland,Central and Eastern Europe,5.974,1.292,1.446,0.699,0.523,0.158,0.594
2017,Uzbekistan,Commonwealth of Independent States,5.971,0.786,1.549,0.498,0.658,0.416,0.247
2017,Italy,Western Europe,5.964,1.396,1.445,0.853,0.256,0.173,0.283
2017,Russia,Central and Eastern Europe,5.963,1.282,1.469,0.547,0.374,0.523,0.330
2017,Japan,East Asia,5.928,1.417,1.436,0.913,0.556,0.126,0.164
2017,Lithuania,Central and Eastern Europe,5.920,1.315,1.474,0.629,0.234,0.116,0.119
2017,Algeria,Middle East and North Africa,5.872,1.919,1.146,0.618,0.233,0.694,0.147
2017,Latvia,Central and Eastern Europe,5.850,1.267,1.447,0.639,0.326,0.154,0.738
2017,South Korea,East Asia,5.838,1.417,1.128,0.921,0.258,0.267,0.633
2017,Moldova,Central and Eastern Europe,5.838,0.729,1.252,0.589,0.247,0.288,0.191
2017,Romania,Central and Eastern Europe,5.825,1.218,1.159,0.685,0.457,0.134,0.439
2017,Bolivia,Latin America and Caribbean,5.823,0.834,1.228,0.474,0.559,0.226,0.648
2017,Kazakhstan,Commonwealth of Independent States,5.819,1.285,1.384,0.664,0.437,0.220,0.119
2017,Slovenia,Central and Eastern Europe,5.758,1.341,1.453,0.798,0.573,0.243,0.451
2017,Peru,Latin America and Caribbean,5.715,1.352,1.219,0.632,0.453,0.127,0.475
2017,Mauritius,Sub-Saharan Africa,5.629,1.189,1.296,0.639,0.491,0.369,0.422
2017,Cyprus,Western Europe,5.630,1.356,1.131,0.845,0.355,0.271,0.412
2017,Estonia,Central and Eastern Europe,5.612,1.329,1.477,0.695,0.479,0.989,0.183
2017,Paraguay,Latin America and Caribbean,5.493,0.933,1.573,0.579,0.474,0.224,0.917
2017,Hong Kong S.A.R. of China,East Asia,5.472,1.552,1.263,0.944,0.500,0.374,0.294
2017,Philippines,Southeast Asia,5.430,0.858,1.254,0.469,0.585,0.194,0.993
2017,Serbia,Central and Eastern Europe,5.395,1.693,1.258,0.658,0.287,0.221,0.494
2017,Jordan,Middle East and North Africa,5.336,0.991,1.240,0.646,0.418,0.172,0.120
2017,Hungary,Central and Eastern Europe,5.324,1.286,1.343,0.688,0.176,0.784,0.366
2017,Jamaica,Latin America and Caribbean,5.320,0.926,1.368,0.641,0.474,0.234,0.553
2017,Croatia,Central and Eastern Europe,5.293,1.223,0.968,0.713,0.256,0.248,0.431
2017,Kosovo,Central and Eastern Europe,5.279,0.951,1.138,0.541,0.263,0.320,0.575
2017,China,East Asia,5.273,1.812,1.168,0.741,0.473,0.289,0.228
2017,Pakistan,South Asia,5.270,0.727,0.673,0.425,0.235,0.315,0.124
2017,Indonesia,Southeast Asia,5.263,0.996,1.274,0.492,0.443,0.612,0.153
2017,Venezuela,Latin America and Caribbean,5.250,1.128,1.431,0.617,0.154,0.652,0.645
2017,Montenegro,Central and Eastern Europe,5.237,1.121,1.238,0.667,0.195,0.198,0.882
2017,Morocco,Middle East and North Africa,5.235,0.878,0.775,0.598,0.482,0.323,0.878
2017,Dominican Republic,Latin America and Caribbean,5.232,1.794,1.424,0.575,0.553,0.187,0.114
2017,Greece,Western Europe,5.227,1.289,1.239,0.812,0.957,0.475,0.433
2017,Lebanon,Middle East and North Africa,5.225,1.750,1.130,0.736,0.289,0.264,0.375
2017,Portugal,Western Europe,5.195,1.315,1.367,0.796,0.498,0.951,0.159
2017,Bosnia and Herzegovina,Central and Eastern Europe,5.182,0.982,1.693,0.752,0.244,0.329,0.550
2017,Honduras,Latin America and Caribbean,5.181,0.736,1.144,0.583,0.349,0.236,0.733
2017,North Macedonia,Central and Eastern Europe,5.175,1.646,1.279,0.645,0.326,0.254,0.628
2017,Vietnam,Southeast Asia,5.740,0.789,1.277,0.652,0.572,0.235,0.876
2017,Nigeria,Sub-Saharan Africa,5.740,0.784,1.216,0.569,0.395,0.239,0.261
2017,Tajikistan,Commonwealth of Independent States,5.500,0.525,1.271,0.529,0.472,0.249,0.146
2017,Kyrgyzstan,Commonwealth of Independent States,5.419,0.596,1.394,0.553,0.455,0.429,0.394
2017,Nepal,South Asia,4.962,0.480,1.179,0.541,0.444,0.395,0.730
2017,Mongolia,East Asia,4.955,1.272,1.493,0.558,0.394,0.338,0.329
2017,South Africa,Sub-Saharan Africa,4.829,1.547,1.385,0.188,0.479,0.139,0.726
2017,Tunisia,Middle East and North Africa,4.850,1.727,0.868,0.613,0.290,0.497,0.867
2017,Egypt,Middle East and North Africa,4.735,0.990,0.997,0.522,0.282,0.129,0.114
2017,Bulgaria,Central and Eastern Europe,4.714,1.161,1.434,0.782,0.289,0.113,0.115
2017,Sierra Leone,Sub-Saharan Africa,4.791,0.368,0.984,0.556,0.319,0.293,0.720
2017,Cameroon,Sub-Saharan Africa,4.695,0.564,0.946,0.133,0.434,0.236,0.514
2017,Iran,Middle East and North Africa,4.692,1.157,0.712,0.639,0.249,0.387,0.488
2017,Albania,Central and Eastern Europe,4.645,0.996,0.837,0.731,0.381,0.213,0.399
2017,Bangladesh,South Asia,4.680,0.587,0.735,0.533,0.478,0.172,0.124
2017,Kenya,Sub-Saharan Africa,4.553,0.565,1.680,0.400,0.453,0.445,0.646
2017,Myanmar,Southeast Asia,4.546,0.367,1.123,0.398,0.514,0.839,0.189
2017,Senegal,Sub-Saharan Africa,4.535,0.479,1.180,0.494,0.378,0.183,0.115
2017,Zambia,Sub-Saharan Africa,4.514,0.636,1.319,0.258,0.462,0.250,0.782
2017,Iraq,Middle East and North Africa,4.497,1.127,0.979,0.512,0.289,0.200,0.172
2017,Gabon,Sub-Saharan Africa,4.465,1.198,1.156,0.357,0.312,0.438,0.765
2017,Ethiopia,Sub-Saharan Africa,4.464,0.339,0.865,0.353,0.488,0.313,0.165
2017,Sri Lanka,South Asia,4.446,1.985,1.260,0.625,0.561,0.499,0.737
2017,Armenia,Central and Eastern Europe,4.376,0.960,1.748,0.638,0.198,0.835,0.267
2017,India,South Asia,4.316,0.792,0.754,0.455,0.470,0.232,0.922
2017,Mauritania,Sub-Saharan Africa,4.292,0.648,1.272,0.285,0.970,0.219,0.137
2017,Georgia,Central and Eastern Europe,4.286,0.956,0.576,0.650,0.394,0.549,0.252
2017,Mali,Sub-Saharan Africa,4.196,0.476,1.281,0.169,0.366,0.183,0.150
2017,Ivory Coast,Sub-Saharan Africa,4.180,0.635,0.948,0.486,0.448,0.212,0.136
2017,Cambodia,Southeast Asia,4.168,0.618,1.624,0.430,0.633,0.386,0.682
2017,Ghana,Sub-Saharan Africa,4.120,0.667,0.874,0.296,0.423,0.257,0.253
2017,Ukraine,Central and Eastern Europe,4.962,0.895,1.395,0.576,0.123,0.276,0.233
2017,Uganda,Sub-Saharan Africa,4.900,0.381,1.130,0.218,0.443,0.326,0.577
2017,Burkina Faso,Sub-Saharan Africa,4.327,0.352,1.433,0.216,0.324,0.259,0.123
2017,Niger,Sub-Saharan Africa,4.280,0.162,0.993,0.269,0.364,0.229,0.139
2017,Malawi,Sub-Saharan Africa,3.973,0.233,0.513,0.316,0.467,0.287,0.727
2017,Chad,Sub-Saharan Africa,3.936,0.438,0.954,0.411,0.162,0.216,0.536
2017,Zimbabwe,Sub-Saharan Africa,3.875,0.376,1.840,0.197,0.336,0.189,0.954
2017,Afghanistan,South Asia,3.794,0.415,0.582,0.187,0.162,0.312,0.612
2017,Botswana,Sub-Saharan Africa,3.766,1.123,1.222,0.342,0.552,0.993,0.986
2017,Benin,Sub-Saharan Africa,3.658,0.432,0.435,0.299,0.426,0.279,0.693
2017,Madagascar,Sub-Saharan Africa,3.645,0.359,0.913,0.375,0.189,0.287,0.672
2017,Liberia,Sub-Saharan Africa,3.533,0.119,0.872,0.230,0.333,0.267,0.389
2017,Guinea,Sub-Saharan Africa,3.570,0.245,0.791,0.194,0.349,0.265,0.119
2017,Togo,Sub-Saharan Africa,3.495,0.354,0.432,0.247,0.384,0.197,0.957
2017,Tanzania,Sub-Saharan Africa,3.349,0.511,1.420,0.365,0.392,0.354,0.664
2018,Finland,Western Europe,7.632,1.350,1.592,0.874,0.681,0.220,0.393
2018,Norway,Western Europe,7.594,1.456,1.582,0.861,0.686,0.286,0.340
2018,Denmark,Western Europe,7.555,1.351,1.590,0.868,0.683,0.284,0.480
2018,Iceland,Western Europe,7.495,1.343,1.644,0.914,0.677,0.353,0.138
2018,Switzerland,Western Europe,7.487,1.420,1.549,0.927,0.660,0.256,0.357
2018,Netherlands,Western Europe,7.441,1.361,1.488,0.878,0.638,0.333,0.295
2018,Canada,North America and ANZ,7.328,1.330,1.532,0.896,0.653,0.321,0.291
2018,New Zealand,North America and ANZ,7.324,1.268,1.610,0.876,0.669,0.365,0.389
2018,Sweden,Western Europe,7.314,1.355,1.510,0.913,0.659,0.285,0.383
2018,Australia,North America and ANZ,7.272,1.340,1.573,0.910,0.647,0.361,0.320
2018,United Kingdom,Western Europe,7.190,1.244,1.433,0.888,0.464,0.262,0.820
2018,Austria,Western Europe,7.139,1.341,1.540,0.891,0.617,0.242,0.224
2018,Costa Rica,Latin America and Caribbean,7.720,1.100,1.459,0.817,0.632,0.143,0.110
2018,Ireland,Western Europe,6.977,1.448,1.583,0.876,0.614,0.370,0.360
2018,Germany,Western Europe,6.965,1.340,1.474,0.861,0.586,0.273,0.280
2018,Belgium,Western Europe,6.927,1.324,1.483,0.894,0.583,0.188,0.240
2018,Luxembourg,Western Europe,6.910,1.576,1.520,0.896,0.632,0.196,0.321
2018,United States,North America and ANZ,6.886,1.398,1.471,0.819,0.547,0.291,0.133
2018,Israel,Middle East and North Africa,6.814,1.310,1.559,0.883,0.533,0.354,0.272
2018,United Arab Emirates,Middle East and North Africa,6.774,2.960,0.776,0.670,0.284,0.186,0.970
2018,Malta,Western Europe,6.627,1.270,1.525,0.884,0.645,0.376,0.142
2018,France,Western Europe,6.489,1.293,1.466,0.980,0.520,0.980,0.176
2018,Mexico,Latin America and Caribbean,6.488,1.380,1.252,0.761,0.479,0.690,0.950
2018,Chile,Latin America and Caribbean,6.476,1.131,1.331,0.880,0.431,0.197,0.610
2018,Taiwan Province of China,East Asia,6.441,1.365,1.436,0.857,0.418,0.151,0.780
2018,Panama,Latin America and Caribbean,6.430,1.112,1.438,0.759,0.597,0.125,0.630
2018,Brazil,Latin America and Caribbean,6.419,0.986,1.474,0.675,0.493,0.110,0.880
2018,Argentina,Latin America and Caribbean,6.388,1.730,1.468,0.744,0.570,0.620,0.540
2018,Guatemala,Latin America and Caribbean,6.382,0.781,1.268,0.680,0.640,0.179,0.710
2018,Uruguay,Latin America and Caribbean,6.379,1.930,1.459,0.771,0.625,0.130,0.155
2018,Saudi Arabia,Middle East and North Africa,6.371,1.379,1.331,0.633,0.590,0.980,0.127
2018,Singapore,Southeast Asia,6.343,1.529,1.451,1.800,0.631,0.261,0.457
2018,Malaysia,Southeast Asia,6.322,1.161,1.258,0.669,0.356,0.311,0.590
2018,Spain,Western Europe,6.310,1.251,1.538,0.965,0.449,0.142,0.740
2018,Colombia,Latin America and Caribbean,6.260,0.960,1.439,0.635,0.531,0.990,0.390
2018,Slovakia,Central and Eastern Europe,6.173,1.210,1.537,0.776,0.354,0.118,0.140
2018,El Salvador,Latin America and Caribbean,6.167,0.860,1.231,0.639,0.461,0.650,0.820
2018,Nicaragua,Latin America and Caribbean,6.141,0.668,1.319,0.700,0.527,0.280,0.128
2018,Poland,Central and Eastern Europe,6.123,1.176,1.448,0.781,0.546,0.180,0.640
2018,Bahrain,Middle East and North Africa,6.150,1.338,1.366,0.698,0.594,0.243,0.123
2018,Uzbekistan,Commonwealth of Independent States,6.960,0.719,1.584,0.650,0.724,0.328,0.259
2018,Thailand,Southeast Asia,6.720,1.160,1.417,0.770,0.637,0.364,0.290
2018,Italy,Western Europe,6.000,1.264,1.510,0.946,0.281,0.137,0.280
2018,Ecuador,Latin America and Caribbean,5.973,0.889,1.330,0.736,0.556,0.114,0.120
2018,Lithuania,Central and Eastern Europe,5.952,1.197,1.527,0.716,0.350,0.260,0.600
2018,Slovenia,Central and Eastern Europe,5.948,1.219,1.560,0.856,0.633,0.160,0.510
2018,Romania,Central and Eastern Europe,5.945,1.116,1.219,0.726,0.528,0.880,0.100
2018,Latvia,Central and Eastern Europe,5.933,1.148,1.454,0.671,0.363,0.920,0.660
2018,Japan,East Asia,5.915,1.294,1.462,0.988,0.553,0.790,0.150
2018,Mauritius,Sub-Saharan Africa,5.891,1.900,1.387,0.684,0.584,0.245,0.500
2018,Jamaica,Latin America and Caribbean,5.890,0.819,1.493,0.693,0.575,0.960,0.310
2018,South Korea,East Asia,5.875,1.266,1.240,0.955,0.244,0.175,0.510
2018,Russia,Central and Eastern Europe,5.810,1.151,1.479,0.599,0.399,0.650,0.250
2018,Kazakhstan,Commonwealth of Independent States,5.790,1.143,1.516,0.631,0.454,0.148,0.121
2018,Cyprus,Western Europe,5.762,1.229,1.191,0.990,0.423,0.220,0.350
2018,Bolivia,Latin America and Caribbean,5.752,0.751,1.223,0.580,0.660,0.141,0.540
2018,Estonia,Central and Eastern Europe,5.739,1.200,1.532,0.737,0.553,0.860,0.174
2018,Paraguay,Latin America and Caribbean,5.681,0.835,1.522,0.615,0.541,0.162,0.740
2018,Peru,Latin America and Caribbean,5.663,0.934,1.249,0.674,0.530,0.920,0.340
2018,Kosovo,Central and Eastern Europe,5.662,0.855,1.230,0.578,0.448,0.274,0.230
2018,Moldova,Central and Eastern Europe,5.640,0.657,1.310,0.620,0.232,0.171,0.191
2018,Hungary,Central and Eastern Europe,5.620,1.171,1.410,0.732,0.259,0.610,0.220
2018,Philippines,Southeast Asia,5.524,0.775,1.312,0.513,0.643,0.120,0.150
2018,Honduras,Latin America and Caribbean,5.540,0.620,1.250,0.622,0.459,0.197,0.740
2018,Pakistan,South Asia,5.472,0.652,0.810,0.424,0.334,0.216,0.113
2018,Hong Kong S.A.R. of China,East Asia,5.430,1.450,1.290,1.300,0.524,0.246,0.291
2018,Portugal,Western Europe,5.410,1.188,1.429,0.884,0.562,0.550,0.170
2018,Serbia,Central and Eastern Europe,5.398,0.975,1.369,0.685,0.288,0.134,0.430
2018,Greece,Western Europe,5.358,1.154,1.220,0.879,0.131,0.475,0.440
2018,Lebanon,Middle East and North Africa,5.358,0.965,1.179,0.785,0.530,0.214,0.136
2018,Montenegro,Central and Eastern Europe,5.347,1.170,1.279,0.729,0.259,0.111,0.810
2018,Croatia,Central and Eastern Europe,5.321,1.115,1.161,0.737,0.380,0.120,0.390
2018,Dominican Republic,Latin America and Caribbean,5.320,0.982,1.441,0.614,0.578,0.120,0.160
2018,Algeria,Middle East and North Africa,5.295,0.979,1.154,0.687,0.770,0.550,0.135
2018,Morocco,Middle East and North Africa,5.254,0.779,0.797,0.669,0.460,0.260,0.740
2018,China,East Asia,5.246,0.989,1.142,0.799,0.597,0.290,0.130
2018,Tajikistan,Commonwealth of Independent States,5.199,0.474,1.166,0.598,0.292,0.187,0.340
2018,North Macedonia,Central and Eastern Europe,5.185,0.959,1.239,0.691,0.394,0.173,0.520
2018,Jordan,Middle East and North Africa,5.161,0.822,1.265,0.645,0.468,0.130,0.134
2018,Nigeria,Sub-Saharan Africa,5.155,0.689,1.172,0.480,0.462,0.210,0.320
2018,Kyrgyzstan,Commonwealth of Independent States,5.131,0.530,1.416,0.594,0.540,0.281,0.350
2018,Bosnia and Herzegovina,Central and Eastern Europe,5.129,0.915,1.780,0.758,0.280,0.216,0.550
2018,Mongolia,East Asia,5.125,0.914,1.517,0.575,0.395,0.253,0.320
2018,Vietnam,Southeast Asia,5.130,0.715,1.365,0.720,0.618,0.177,0.790
2018,Indonesia,Southeast Asia,5.930,0.899,1.215,0.522,0.538,0.484,0.180
2018,Cameroon,Sub-Saharan Africa,4.975,0.535,0.891,0.182,0.454,0.183,0.430
2018,Bulgaria,Central and Eastern Europe,4.933,1.540,1.515,0.712,0.359,0.640,0.900
2018,Nepal,South Asia,4.880,0.425,1.228,0.539,0.526,0.320,0.780
2018,Venezuela,Latin America and Caribbean,4.860,0.996,1.469,0.657,0.133,0.560,0.520
2018,Gabon,Sub-Saharan Africa,4.758,1.360,1.164,0.440,0.356,0.320,0.520
2018,South Africa,Sub-Saharan Africa,4.724,0.940,1.410,0.330,0.516,0.130,0.560
2018,Iran,Middle East and North Africa,4.770,1.590,0.771,0.691,0.459,0.282,0.129
2018,Ivory Coast,Sub-Saharan Africa,4.671,0.541,0.872,0.800,0.467,0.146,0.130
2018,Ghana,Sub-Saharan Africa,4.657,0.592,0.896,0.337,0.499,0.212,0.290
2018,Senegal,Sub-Saharan Africa,4.631,0.429,1.117,0.433,0.460,0.138,0.820
2018,Tunisia,Middle East and North Africa,4.592,0.900,0.960,0.690,0.271,0.400,0.630
2018,Albania,Central and Eastern Europe,4.586,0.916,0.817,0.790,0.419,0.149,0.320
2018,Sierra Leone,Sub-Saharan Africa,4.571,0.256,0.813,0.258,0.355,0.238,0.530
2018,Bangladesh,South Asia,4.500,0.532,0.850,0.579,0.580,0.153,0.144
2018,Sri Lanka,South Asia,4.471,0.918,1.314,0.672,0.585,0.370,0.500
2018,Iraq,Middle East and North Africa,4.456,1.100,0.971,0.536,0.340,0.148,0.950
2018,Mali,Sub-Saharan Africa,4.447,0.370,1.233,0.152,0.367,0.139,0.560
2018,Cambodia,Southeast Asia,4.433,0.549,1.880,0.457,0.696,0.256,0.650
2018,Burkina Faso,Sub-Saharan Africa,4.424,0.314,1.970,0.254,0.312,0.175,0.128
2018,Egypt,Middle East and North Africa,4.419,0.885,1.250,0.553,0.312,0.920,0.170
2018,Kenya,Sub-Saharan Africa,4.410,0.493,1.480,0.454,0.540,0.352,0.550
2018,Zambia,Sub-Saharan Africa,4.377,0.562,1.470,0.295,0.530,0.221,0.820
2018,Mauritania,Sub-Saharan Africa,4.356,0.557,1.245,0.292,0.129,0.134,0.930
2018,Ethiopia,Sub-Saharan Africa,4.350,0.380,0.950,0.391,0.452,0.220,0.146
2018,Georgia,Central and Eastern Europe,4.340,0.853,0.592,0.643,0.375,0.380,0.215
2018,Armenia,Central and Eastern Europe,4.321,0.816,0.990,0.666,0.260,0.770,0.280
2018,Myanmar,Southeast Asia,4.380,0.682,1.174,0.429,0.580,0.598,0.178
2018,Chad,Sub-Saharan Africa,4.310,0.358,0.970,0.530,0.189,0.181,0.600
2018,India,South Asia,4.190,0.721,0.747,0.485,0.539,0.172,0.930
2018,Niger,Sub-Saharan Africa,4.166,0.131,0.867,0.221,0.390,0.175,0.990
2018,Uganda,Sub-Saharan Africa,4.161,0.322,1.900,0.237,0.450,0.259,0.610
2018,Benin,Sub-Saharan Africa,4.141,0.378,0.372,0.240,0.440,0.163,0.670
2018,Ukraine,Central and Eastern Europe,4.130,0.793,1.413,0.690,0.163,0.187,0.110
2018,Togo,Sub-Saharan Africa,3.999,0.259,0.474,0.253,0.434,0.158,0.110
2018,Guinea,Sub-Saharan Africa,3.964,0.344,0.792,0.211,0.394,0.185,0.940
2018,Madagascar,Sub-Saharan Africa,3.774,0.262,0.980,0.420,0.221,0.155,0.490
2018,Zimbabwe,Sub-Saharan Africa,3.692,0.357,1.940,0.248,0.460,0.132,0.990
2018,Afghanistan,South Asia,3.632,0.332,0.537,0.255,0.850,0.191,0.360
2018,Botswana,Sub-Saharan Africa,3.590,1.170,1.174,0.417,0.557,0.420,0.920
2018,Malawi,Sub-Saharan Africa,3.587,0.186,0.541,0.360,0.531,0.210,0.800
2018,Liberia,Sub-Saharan Africa,3.495,0.760,0.858,0.267,0.419,0.260,0.300
2018,Tanzania,Sub-Saharan Africa,3.330,0.455,0.991,0.381,0.481,0.270,0.970
2019,Finland,Western Europe,7.769,1.340,1.587,0.986,0.596,0.153,0.393
2019,Denmark,Western Europe,7.600,1.383,1.573,0.996,0.592,0.252,0.410
2019,Norway,Western Europe,7.554,1.488,1.582,1.280,0.630,0.271,0.341
2019,Iceland,Western Europe,7.494,1.380,1.624,1.260,0.591,0.354,0.118
2019,Netherlands,Western Europe,7.488,1.396,1.522,0.999,0.557,0.322,0.298
2019,Switzerland,Western Europe,7.480,1.452,1.526,1.520,0.572,0.263,0.343
2019,Sweden,Western Europe,7.343,1.387,1.487,1.900,0.574,0.267,0.373
2019,New Zealand,North America and ANZ,7.370,1.330,1.557,1.260,0.585,0.330,0.380
2019,Canada,North America and ANZ,7.278,1.365,1.550,1.390,0.584,0.285,0.380
2019,Austria,Western Europe,7.246,1.376,1.475,1.160,0.532,0.244,0.226
2019,Australia,North America and ANZ,7.228,1.372,1.548,1.360,0.557,0.332,0.290
2019,Costa Rica,Latin America and Caribbean,7.167,1.340,1.441,0.963,0.558,0.144,0.930
2019,Israel,Middle East and North Africa,7.139,1.276,1.455,1.290,0.371,0.261,0.820
2019,Luxembourg,Western Europe,7.900,1.690,1.479,1.120,0.526,0.194,0.316
2019,United Kingdom,Western Europe,7.540,1.333,1.538,0.996,0.450,0.348,0.278
2019,Ireland,Western Europe,7.210,1.499,1.553,0.999,0.516,0.298,0.310
2019,Germany,Western Europe,6.985,1.373,1.454,0.987,0.495,0.261,0.265
2019,Belgium,Western Europe,6.923,1.356,1.540,0.986,0.473,0.160,0.210
2019,United States,North America and ANZ,6.892,1.433,1.457,0.874,0.454,0.280,0.128
2019,United Arab Emirates,Middle East and North Africa,6.825,1.530,1.310,0.825,0.598,0.262,0.182
2019,Malta,Western Europe,6.726,1.300,1.520,0.999,0.564,0.375,0.151
2019,Mexico,Latin America and Caribbean,6.595,1.700,1.323,0.861,0.433,0.740,0.730
2019,France,Western Europe,6.592,1.324,1.472,1.450,0.436,0.111,0.183
2019,Taiwan Province of China,East Asia,6.446,1.368,1.430,0.914,0.351,0.242,0.970
2019,Chile,Latin America and Caribbean,6.444,1.159,1.369,0.920,0.357,0.187,0.560
2019,Guatemala,Latin America and Caribbean,6.436,0.800,1.269,0.746,0.535,0.175,0.780
2019,Saudi Arabia,Middle East and North Africa,6.375,1.430,1.357,0.795,0.439,0.800,0.132
2019,Spain,Western Europe,6.354,1.286,1.484,1.620,0.362,0.153,0.790
2019,Panama,Latin America and Caribbean,6.321,1.149,1.442,0.910,0.516,0.190,0.540
2019,Brazil,Latin America and Caribbean,6.300,1.400,1.439,0.820,0.390,0.990,0.860
2019,Uruguay,Latin America and Caribbean,6.293,1.124,1.465,0.891,0.523,0.127,0.150
2019,Singapore,Southeast Asia,6.262,1.572,1.463,1.141,0.556,0.271,0.453
2019,El Salvador,Latin America and Caribbean,6.253,0.794,1.242,0.789,0.430,0.930,0.740
2019,Italy,Western Europe,6.223,1.294,1.488,1.390,0.231,0.158,0.300
2019,Bahrain,Middle East and North Africa,6.199,1.362,1.368,0.871,0.536,0.255,0.110
2019,Slovakia,Central and Eastern Europe,6.198,1.246,1.540,0.881,0.334,0.121,0.140
2019,Poland,Central and Eastern Europe,6.182,1.260,1.438,0.884,0.483,0.117,0.500
2019,Uzbekistan,Commonwealth of Independent States,6.174,0.745,1.529,0.756,0.631,0.322,0.240
2019,Lithuania,Central and Eastern Europe,6.149,1.238,1.515,0.818,0.291,0.430,0.420
2019,Colombia,Latin America and Caribbean,6.125,0.985,1.410,0.841,0.470,0.990,0.340
2019,Slovenia,Central and Eastern Europe,6.118,1.258,1.523,0.953,0.564,0.144,0.570
2019,Nicaragua,Latin America and Caribbean,6.150,0.694,1.325,0.835,0.435,0.200,0.127
2019,Kosovo,Central and Eastern Europe,6.100,0.882,1.232,0.758,0.489,0.262,0.600
2019,Argentina,Latin America and Caribbean,6.860,1.920,1.432,0.881,0.471,0.660,0.500
2019,Romania,Central and Eastern Europe,6.700,1.162,1.232,0.825,0.462,0.830,0.500
2019,Cyprus,Western Europe,6.460,1.263,1.223,1.420,0.460,0.190,0.410
2019,Ecuador,Latin America and Caribbean,6.280,0.912,1.312,0.868,0.498,0.126,0.870
2019,Thailand,Southeast Asia,6.800,1.500,1.490,0.828,0.557,0.359,0.280
2019,Latvia,Central and Eastern Europe,5.940,1.187,1.465,0.812,0.264,0.750,0.640
2019,South Korea,East Asia,5.895,1.310,1.219,1.360,0.159,0.175,0.560
2019,Estonia,Central and Eastern Europe,5.893,1.237,1.528,0.874,0.495,0.130,0.161
2019,Jamaica,Latin America and Caribbean,5.890,0.831,1.478,0.831,0.490,0.170,0.280
2019,Mauritius,Sub-Saharan Africa,5.888,1.120,1.420,0.798,0.498,0.215,0.600
2019,Japan,East Asia,5.886,1.327,1.419,1.880,0.445,0.690,0.140
2019,Honduras,Latin America and Caribbean,5.860,0.642,1.236,0.828,0.570,0.246,0.780
2019,Kazakhstan,Commonwealth of Independent States,5.890,1.173,1.580,0.729,0.410,0.146,0.960
2019,Bolivia,Latin America and Caribbean,5.779,0.776,1.290,0.760,0.511,0.137,0.640
2019,Hungary,Central and Eastern Europe,5.758,1.210,1.410,0.828,0.199,0.810,0.200
2019,Paraguay,Latin America and Caribbean,5.743,0.855,1.475,0.777,0.514,0.184,0.800
2019,Peru,Latin America and Caribbean,5.697,0.960,1.274,0.854,0.455,0.830,0.270
2019,Portugal,Western Europe,5.693,1.221,1.431,0.999,0.580,0.470,0.250
2019,Pakistan,South Asia,5.653,0.677,0.886,0.535,0.313,0.220,0.980
2019,Russia,Central and Eastern Europe,5.648,1.183,1.452,0.726,0.334,0.820,0.310
2019,Philippines,Southeast Asia,5.631,0.870,1.293,0.657,0.558,0.117,0.170
2019,Serbia,Central and Eastern Europe,5.630,1.400,1.383,0.854,0.282,0.137,0.390
2019,Moldova,Central and Eastern Europe,5.529,0.685,1.328,0.739,0.245,0.181,0.191
2019,Montenegro,Central and Eastern Europe,5.523,1.510,1.361,0.871,0.197,0.142,0.800
2019,Tajikistan,Commonwealth of Independent States,5.467,0.493,1.980,0.718,0.389,0.230,0.144
2019,Croatia,Central and Eastern Europe,5.432,1.155,1.266,0.914,0.296,0.119,0.220
2019,Hong Kong S.A.R. of China,East Asia,5.430,1.438,1.277,1.122,0.440,0.258,0.287
2019,Dominican Republic,Latin America and Caribbean,5.425,1.150,1.410,0.779,0.497,0.113,0.110
2019,Bosnia and Herzegovina,Central and Eastern Europe,5.386,0.945,1.212,0.845,0.212,0.263,0.600
2019,Malaysia,Southeast Asia,5.339,1.221,1.171,0.828,0.580,0.260,0.240
2019,Greece,Western Europe,5.287,1.181,1.156,0.999,0.670,0.475,0.340
2019,Mongolia,East Asia,5.285,0.948,1.531,0.667,0.317,0.235,0.380
2019,North Macedonia,Central and Eastern Europe,5.274,0.983,1.294,0.838,0.345,0.185,0.340
2019,Nigeria,Sub-Saharan Africa,5.265,0.696,1.111,0.245,0.426,0.215,0.410
2019,Kyrgyzstan,Commonwealth of Independent States,5.261,0.551,1.438,0.723,0.580,0.300,0.230
2019,Algeria,Middle East and North Africa,5.211,1.200,1.160,0.785,0.860,0.730,0.114
2019,Morocco,Middle East and North Africa,5.280,0.810,0.782,0.782,0.418,0.360,0.760
2019,Lebanon,Middle East and North Africa,5.197,0.987,1.224,0.815,0.216,0.166,0.270
2019,Indonesia,Southeast Asia,5.192,0.931,1.230,0.660,0.491,0.498,0.280
2019,China,East Asia,5.191,1.290,1.125,0.893,0.521,0.580,0.100
2019,Vietnam,Southeast Asia,5.175,0.741,1.346,0.851,0.543,0.147,0.730
2019,Cameroon,Sub-Saharan Africa,5.440,0.549,0.910,0.331,0.381,0.187,0.370
2019,Bulgaria,Central and Eastern Europe,5.110,1.920,1.513,0.815,0.311,0.810,0.400
2019,Ghana,Sub-Saharan Africa,4.996,0.611,0.868,0.486,0.381,0.245,0.400
2019,Ivory Coast,Sub-Saharan Africa,4.944,0.569,0.880,0.232,0.352,0.154,0.900
2019,Nepal,South Asia,4.913,0.446,1.226,0.677,0.439,0.285,0.890
2019,Jordan,Middle East and North Africa,4.960,0.837,1.225,0.815,0.383,0.110,0.130
2019,Benin,Sub-Saharan Africa,4.883,0.393,0.437,0.397,0.349,0.175,0.820
2019,Gabon,Sub-Saharan Africa,4.799,1.570,1.183,0.571,0.295,0.430,0.550
2019,South Africa,Sub-Saharan Africa,4.722,0.960,1.351,0.469,0.389,0.130,0.550
2019,Albania,Central and Eastern Europe,4.719,0.947,0.848,0.874,0.383,0.178,0.270
2019,Venezuela,Latin America and Caribbean,4.770,0.960,1.427,0.850,0.154,0.640,0.470
2019,Cambodia,Southeast Asia,4.700,0.574,1.122,0.637,0.690,0.232,0.620
2019,Senegal,Sub-Saharan Africa,4.681,0.450,1.134,0.571,0.292,0.153,0.720
2019,Niger,Sub-Saharan Africa,4.628,0.138,0.774,0.366,0.318,0.188,0.120
2019,Burkina Faso,Sub-Saharan Africa,4.587,0.331,1.560,0.380,0.255,0.177,0.113
2019,Armenia,Central and Eastern Europe,4.559,0.850,1.550,0.815,0.283,0.950,0.640
2019,Iran,Middle East and North Africa,4.548,1.100,0.842,0.785,0.350,0.270,0.125
2019,Guinea,Sub-Saharan Africa,4.534,0.380,0.829,0.375,0.332,0.270,0.860
2019,Georgia,Central and Eastern Europe,4.519,0.886,0.666,0.752,0.346,0.430,0.164
2019,Kenya,Sub-Saharan Africa,4.590,0.512,0.983,0.581,0.431,0.372,0.530
2019,Mauritania,Sub-Saharan Africa,4.490,0.570,1.167,0.489,0.660,0.160,0.880
2019,Tunisia,Middle East and North Africa,4.461,0.921,1.000,0.815,0.167,0.590,0.550
2019,Bangladesh,South Asia,4.456,0.562,0.928,0.723,0.527,0.166,0.143
2019,Iraq,Middle East and North Africa,4.437,1.430,0.980,0.574,0.241,0.148,0.890
2019,Mali,Sub-Saharan Africa,4.390,0.385,1.150,0.380,0.327,0.153,0.520
2019,Sierra Leone,Sub-Saharan Africa,4.374,0.268,0.841,0.242,0.390,0.252,0.450
2019,Sri Lanka,South Asia,4.366,0.949,1.265,0.831,0.470,0.244,0.470
2019,Myanmar,Southeast Asia,4.360,0.710,1.181,0.555,0.525,0.566,0.172
2019,Chad,Sub-Saharan Africa,4.350,0.350,0.766,0.192,0.174,0.198,0.780
2019,Ukraine,Central and Eastern Europe,4.332,0.820,1.390,0.739,0.178,0.187,0.100
2019,Ethiopia,Sub-Saharan Africa,4.286,0.336,1.330,0.532,0.344,0.290,0.100
2019,Uganda,Sub-Saharan Africa,4.189,0.332,1.690,0.443,0.356,0.252,0.600
2019,Egypt,Middle East and North Africa,4.166,0.913,1.390,0.644,0.241,0.760,0.670
2019,Zambia,Sub-Saharan Africa,4.170,0.578,1.580,0.426,0.431,0.247,0.870
2019,Togo,Sub-Saharan Africa,4.850,0.275,0.572,0.410,0.293,0.177,0.850
2019,India,South Asia,4.150,0.755,0.765,0.588,0.498,0.200,0.850
2019,Liberia,Sub-Saharan Africa,3.975,0.730,0.922,0.443,0.370,0.233,0.330
2019,Madagascar,Sub-Saharan Africa,3.933,0.274,0.916,0.555,0.148,0.169,0.410
2019,Zimbabwe,Sub-Saharan Africa,3.663,0.366,1.114,0.433,0.361,0.151,0.890
2019,Botswana,Sub-Saharan Africa,3.488,1.410,1.145,0.538,0.455,0.250,0.100
2019,Malawi,Sub-Saharan Africa,3.410,0.191,0.560,0.495,0.443,0.218,0.890
2019,Tanzania,Sub-Saharan Africa,3.231,0.476,0.885,0.499,0.417,0.276,0.147
2019,Afghanistan,South Asia,3.230,0.350,0.517,0.361,0.199,0.158,0.250
2020,Finland,Western Europe,7.888,1.285,1.500,0.961,0.662,0.160,0.478
2020,Denmark,Western Europe,7.646,1.327,1.534,0.979,0.665,0.243,0.495
2020,Switzerland,Western Europe,7.560,1.398,1.472,1.453,0.629,0.270,0.479
2020,Iceland,Western Europe,7.545,1.327,1.548,1.843,0.662,0.362,0.145
2020,Norway,Western Europe,7.488,1.424,1.495,1.872,0.673,0.288,0.434
2020,Netherlands,Western Europe,7.449,1.339,1.464,0.976,0.614,0.336,0.369
2020,Sweden,Western Europe,7.353,1.322,1.433,0.986,0.653,0.273,0.443
2020,New Zealand,North America and ANZ,7.300,1.242,1.487,1.814,0.647,0.326,0.461
2020,Austria,Western Europe,7.294,1.317,1.437,1.934,0.634,0.256,0.281
2020,Luxembourg,Western Europe,7.238,1.537,1.388,0.986,0.611,0.196,0.367
2020,Canada,North America and ANZ,7.232,1.316,1.435,1.225,0.644,0.282,0.352
2020,Australia,North America and ANZ,7.223,1.314,1.477,1.227,0.622,0.325,0.336
2020,United Kingdom,Western Europe,7.165,1.274,1.458,0.976,0.525,0.373,0.323
2020,Israel,Middle East and North Africa,7.129,1.216,1.433,1.853,0.427,0.267,0.999
2020,Costa Rica,Latin America and Caribbean,7.121,0.981,1.375,0.940,0.645,0.131,0.964
2020,Ireland,Western Europe,7.937,1.447,1.476,0.976,0.588,0.295,0.373
2020,Germany,Western Europe,7.758,1.314,1.369,0.972,0.564,0.252,0.394
2020,United States,North America and ANZ,6.940,1.374,1.448,0.832,0.535,0.298,0.152
2020,Belgium,Western Europe,6.864,1.296,1.399,0.965,0.500,0.147,0.287
2020,United Arab Emirates,Middle East and North Africa,6.799,1.432,1.251,0.788,0.653,0.287,0.222
2020,Malta,Western Europe,6.773,1.253,1.443,0.972,0.633,0.341,0.179
2020,France,Western Europe,6.664,1.268,1.459,1.297,0.515,0.113,0.227
2020,Mexico,Latin America and Caribbean,6.465,1.244,1.226,0.832,0.554,0.839,0.831
2020,Taiwan Province of China,East Asia,6.455,1.327,1.358,0.878,0.449,0.156,0.132
2020,Uruguay,Latin America and Caribbean,6.441,1.715,1.426,0.857,0.594,0.132,0.193
2020,Saudi Arabia,Middle East and North Africa,6.465,1.334,1.400,0.760,0.548,0.874,0.163
2020,Spain,Western Europe,6.490,1.235,1.422,1.513,0.426,0.165,0.196
2020,Guatemala,Latin America and Caribbean,6.399,0.754,1.174,0.760,0.613,0.176,0.984
2020,Italy,Western Europe,6.387,1.236,1.347,1.225,0.321,0.173,0.415
2020,Singapore,Southeast Asia,6.378,1.520,1.395,1.138,0.635,0.219,0.533
2020,Brazil,Latin America and Caribbean,6.376,0.953,1.363,0.766,0.483,0.132,0.165
2020,Slovenia,Central and Eastern Europe,6.363,1.287,1.465,0.933,0.647,0.146,0.765
2020,El Salvador,Latin America and Caribbean,6.348,0.749,1.149,0.753,0.524,0.119,0.117
2020,Kosovo,Central and Eastern Europe,6.325,0.845,1.184,0.673,0.557,0.325,0.856
2020,Panama,Latin America and Caribbean,6.348,1.977,1.376,0.879,0.580,0.973,0.542
2020,Slovakia,Central and Eastern Europe,6.287,1.195,1.424,0.853,0.424,0.117,0.113
2020,Uzbekistan,Commonwealth of Independent States,6.258,0.697,1.434,0.717,0.693,0.363,0.283
2020,Chile,Latin America and Caribbean,6.228,1.970,1.323,0.889,0.417,0.156,0.628
2020,Bahrain,Middle East and North Africa,6.227,1.297,1.315,0.839,0.614,0.287,0.127
2020,Lithuania,Central and Eastern Europe,6.215,1.194,1.433,0.795,0.425,0.537,0.814
2020,Poland,Central and Eastern Europe,6.186,1.169,1.314,0.868,0.558,0.634,0.165
2020,Colombia,Latin America and Caribbean,6.163,0.932,1.334,0.812,0.527,0.924,0.458
2020,Cyprus,Western Europe,6.159,1.213,1.149,1.261,0.459,0.228,0.513
2020,Nicaragua,Latin America and Caribbean,6.137,0.623,1.278,0.839,0.561,0.213,0.175
2020,Romania,Central and Eastern Europe,6.124,1.124,1.194,0.792,0.535,0.682,0.830
2020,Mauritius,Sub-Saharan Africa,6.113,1.737,1.396,0.763,0.598,0.187,0.849
2020,Kazakhstan,Commonwealth of Independent States,6.579,1.123,1.453,0.699,0.497,0.154,0.115
2020,Estonia,Central and Eastern Europe,6.218,1.192,1.453,0.843,0.577,0.125,0.218
2020,Philippines,Southeast Asia,6.642,0.775,1.245,0.622,0.622,0.129,0.134
2020,Hungary,Central and Eastern Europe,6.466,1.164,1.424,0.868,0.386,0.749,0.275
2020,Thailand,Southeast Asia,5.999,1.729,1.348,0.794,0.694,0.377,0.318
2020,Argentina,Latin America and Caribbean,5.975,1.285,1.373,0.850,0.528,0.715,0.642
2020,Honduras,Latin America and Caribbean,5.953,0.599,1.187,0.792,0.568,0.257,0.869
2020,Latvia,Central and Eastern Europe,5.950,1.141,1.414,0.778,0.329,0.755,0.939
2020,Ecuador,Latin America and Caribbean,5.925,0.853,1.221,0.839,0.555,0.116,0.868
2020,Portugal,Western Europe,5.919,1.169,1.340,0.979,0.590,0.534,0.277
2020,Jamaica,Latin America and Caribbean,5.890,0.780,1.483,0.788,0.553,0.116,0.315
2020,South Korea,East Asia,5.872,1.245,1.134,1.225,0.259,0.173,0.946
2020,Japan,East Asia,5.878,1.267,1.332,1.729,0.495,0.357,0.181
2020,Peru,Latin America and Caribbean,5.797,0.919,1.285,0.824,0.513,0.916,0.273
2020,Serbia,Central and Eastern Europe,5.778,0.988,1.327,0.828,0.395,0.153,0.594
2020,Bolivia,Latin America and Caribbean,5.747,0.740,1.142,0.662,0.574,0.138,0.729
2020,Pakistan,South Asia,5.693,0.617,0.873,0.470,0.454,0.229,0.123
2020,Paraguay,Latin America and Caribbean,5.692,0.898,1.368,0.736,0.587,0.243,0.658
2020,Dominican Republic,Latin America and Caribbean,5.689,0.983,1.329,0.742,0.563,0.112,0.116
2020,Bosnia and Herzegovina,Central and Eastern Europe,5.675,0.918,1.240,0.814,0.354,0.265,0.117
2020,Moldova,Central and Eastern Europe,5.676,0.779,1.237,0.713,0.390,0.174,0.144
2020,Tajikistan,Commonwealth of Independent States,5.556,0.475,1.218,0.686,0.521,0.182,0.222
2020,Montenegro,Central and Eastern Europe,5.546,1.116,1.266,0.839,0.332,0.149,0.984
2020,Russia,Central and Eastern Europe,5.546,1.127,1.379,0.684,0.399,0.994,0.457
2020,Kyrgyzstan,Commonwealth of Independent States,5.542,0.513,1.341,0.686,0.615,0.314,0.347
2020,Greece,Western Europe,5.515,1.129,1.169,0.979,0.174,0.475,0.488
2020,Hong Kong S.A.R. of China,East Asia,5.514,1.377,1.244,1.137,0.459,0.288,0.332
2020,Croatia,Central and Eastern Europe,5.547,1.192,1.311,0.958,0.381,0.114,0.123
2020,Mongolia,East Asia,5.456,0.949,1.459,0.616,0.356,0.264,0.465
2020,Malaysia,Southeast Asia,5.384,1.168,1.174,0.789,0.597,0.275,0.622
2020,Vietnam,Southeast Asia,5.353,0.719,1.254,0.819,0.658,0.136,0.898
2020,Indonesia,Southeast Asia,5.286,0.892,1.155,0.614,0.568,0.543,0.383
2020,Ivory Coast,Sub-Saharan Africa,5.233,0.538,0.800,0.155,0.397,0.170,0.935
2020,Benin,Sub-Saharan Africa,5.217,0.366,0.352,0.329,0.458,0.197,0.126
2020,North Macedonia,Central and Eastern Europe,5.160,0.935,1.183,0.830,0.412,0.186,0.246
2020,Ghana,Sub-Saharan Africa,5.148,0.576,0.966,0.432,0.477,0.261,0.566
2020,Nepal,South Asia,5.137,0.445,1.179,0.669,0.487,0.397,0.128
2020,China,East Asia,5.124,0.995,1.133,0.867,0.617,0.792,0.117
2020,Bulgaria,Central and Eastern Europe,5.115,1.466,1.466,0.778,0.418,0.138,0.450
2020,Morocco,Middle East and North Africa,5.948,0.759,0.645,0.746,0.455,0.433,0.774
2020,Cameroon,Sub-Saharan Africa,5.849,0.540,0.900,0.272,0.439,0.198,0.544
2020,Venezuela,Latin America and Caribbean,5.532,0.772,1.349,0.767,0.272,0.872,0.636
2020,Algeria,Middle East and North Africa,5.600,0.944,1.143,0.745,0.839,0.119,0.129
2020,Senegal,Sub-Saharan Africa,4.988,0.546,0.955,0.518,0.352,0.164,0.819
2020,Guinea,Sub-Saharan Africa,4.949,0.398,0.751,0.334,0.372,0.249,0.112
2020,Niger,Sub-Saharan Africa,4.996,0.183,0.738,0.299,0.435,0.282,0.138
2020,Albania,Central and Eastern Europe,4.883,0.967,0.835,0.846,0.462,0.171,0.254
2020,Cambodia,Southeast Asia,4.848,0.545,1.714,0.588,0.675,0.233,0.728
2020,Bangladesh,South Asia,4.833,0.556,0.869,0.695,0.641,0.177,0.177
2020,Gabon,Sub-Saharan Africa,4.829,0.988,1.164,0.523,0.369,0.521,0.558
2020,South Africa,Sub-Saharan Africa,4.815,0.921,1.260,0.473,0.435,0.126,0.595
2020,Iraq,Middle East and North Africa,4.785,0.982,1.115,0.529,0.284,0.153,0.732
2020,Lebanon,Middle East and North Africa,4.772,0.889,1.192,0.789,0.186,0.159,0.215
2020,Burkina Faso,Sub-Saharan Africa,4.769,0.325,0.929,0.313,0.322,0.186,0.126
2020,Mali,Sub-Saharan Africa,4.729,0.352,0.973,0.235,0.378,0.170,0.621
2020,Nigeria,Sub-Saharan Africa,4.724,0.646,0.987,0.168,0.436,0.221,0.476
2020,Armenia,Central and Eastern Europe,4.677,0.883,1.346,0.776,0.379,0.172,0.146
2020,Georgia,Central and Eastern Europe,4.673,0.847,0.731,0.695,0.485,0.477,0.175
2020,Iran,Middle East and North Africa,4.672,1.293,0.886,0.750,0.312,0.277,0.143
2020,Jordan,Middle East and North Africa,4.633,0.785,1.141,0.778,0.425,0.915,0.152
2020,Kenya,Sub-Saharan Africa,4.583,0.476,0.958,0.536,0.519,0.394,0.672
2020,Ukraine,Central and Eastern Europe,4.567,0.784,1.321,0.699,0.319,0.179,0.965
2020,Liberia,Sub-Saharan Africa,4.558,0.174,0.927,0.392,0.459,0.227,0.511
2020,Uganda,Sub-Saharan Africa,4.432,0.312,1.523,0.378,0.417,0.265,0.638
2020,Chad,Sub-Saharan Africa,4.423,0.323,0.739,0.187,0.229,0.219,0.858
2020,Tunisia,Middle East and North Africa,4.392,0.875,0.872,0.781,0.236,0.559,0.439
2020,Mauritania,Sub-Saharan Africa,4.375,0.540,1.113,0.425,0.186,0.129,0.122
2020,Sri Lanka,South Asia,4.327,0.898,1.195,0.792,0.529,0.253,0.494
2020,Myanmar,Southeast Asia,4.389,0.679,1.982,0.495,0.597,0.570,0.188
2020,Togo,Sub-Saharan Africa,4.187,0.268,0.548,0.343,0.335,0.277,0.115
2020,Ethiopia,Sub-Saharan Africa,4.186,0.315,1.113,0.484,0.413,0.228,0.117
2020,Madagascar,Sub-Saharan Africa,4.166,0.245,0.824,0.562,0.193,0.191,0.762
2020,Egypt,Middle East and North Africa,4.151,0.875,0.983,0.597,0.374,0.688,0.955
2020,Sierra Leone,Sub-Saharan Africa,3.926,0.246,0.748,0.240,0.382,0.258,0.479
2020,Zambia,Sub-Saharan Africa,3.759,0.537,0.896,0.364,0.491,0.256,0.868
2020,India,South Asia,3.573,0.736,0.644,0.546,0.581,0.238,0.156
2020,Malawi,Sub-Saharan Africa,3.538,0.177,0.534,0.446,0.487,0.213,0.132
2020,Botswana,Sub-Saharan Africa,3.479,0.998,1.857,0.494,0.599,0.335,0.118
2020,Tanzania,Sub-Saharan Africa,3.476,0.457,0.873,0.443,0.593,0.272,0.239
2020,Zimbabwe,Sub-Saharan Africa,3.299,0.426,1.478,0.375,0.377,0.151,0.893
2020,Afghanistan,South Asia,2.567,0.376,0.356,0.267,0.199,0.135,0.123
2021,Finland,Western Europe,7.842,1.446,1.160,0.741,0.691,0.124,0.481
2021,Denmark,Western Europe,7.620,1.520,1.180,0.763,0.686,0.280,0.485
2021,Switzerland,Western Europe,7.571,1.566,1.790,0.816,0.653,0.240,0.413
2021,Iceland,Western Europe,7.554,1.482,1.172,0.772,0.698,0.293,0.170
2021,Netherlands,Western Europe,7.464,1.510,1.790,0.753,0.647,0.320,0.384
2021,Norway,Western Europe,7.392,1.543,1.180,0.782,0.730,0.249,0.427
2021,Sweden,Western Europe,7.363,1.478,1.620,0.763,0.685,0.244,0.448
2021,Luxembourg,Western Europe,7.324,1.751,1.300,0.760,0.639,0.166,0.353
2021,New Zealand,North America and ANZ,7.277,1.400,1.940,0.785,0.665,0.276,0.445
2021,Austria,Western Europe,7.268,1.492,1.620,0.782,0.640,0.215,0.292
2021,Australia,North America and ANZ,7.183,1.453,1.760,0.810,0.647,0.291,0.317
2021,Israel,Middle East and North Africa,7.157,1.376,1.740,0.788,0.590,0.280,0.119
2021,Germany,Western Europe,7.155,1.480,0.993,0.757,0.600,0.195,0.360
2021,Canada,North America and ANZ,7.130,1.447,1.440,0.798,0.648,0.246,0.335
2021,Ireland,Western Europe,7.850,1.644,1.920,0.753,0.660,0.238,0.367
2021,Costa Rica,Latin America and Caribbean,7.690,1.134,0.966,0.722,0.673,0.150,0.830
2021,United Kingdom,Western Europe,7.640,1.423,1.620,0.757,0.580,0.340,0.360
2021,United States,North America and ANZ,6.951,1.533,1.300,0.621,0.554,0.252,0.154
2021,Belgium,Western Europe,6.834,1.463,0.998,0.747,0.489,0.880,0.187
2021,France,Western Europe,6.690,1.421,1.810,0.840,0.536,0.920,0.235
2021,Bahrain,Middle East and North Africa,6.647,1.490,0.899,0.662,0.661,0.246,0.139
2021,Malta,Western Europe,6.620,1.411,1.550,0.747,0.664,0.275,0.183
2021,Taiwan Province of China,East Asia,6.584,1.480,0.982,0.665,0.490,0.142,0.139
2021,United Arab Emirates,Middle East and North Africa,6.561,1.555,0.860,0.594,0.670,0.236,0.223
2021,Saudi Arabia,Middle East and North Africa,6.494,1.435,0.964,0.571,0.630,0.900,0.163
2021,Spain,Western Europe,6.491,1.375,1.570,0.826,0.462,0.135,0.124
2021,Italy,Western Europe,6.483,1.393,0.940,0.798,0.379,0.133,0.470
2021,Slovenia,Central and Eastern Europe,6.461,1.360,1.930,0.722,0.690,0.122,0.850
2021,Guatemala,Latin America and Caribbean,6.435,0.845,0.790,0.519,0.638,0.163,0.150
2021,Uruguay,Latin America and Caribbean,6.431,1.164,1.420,0.649,0.625,0.128,0.223
2021,Singapore,Southeast Asia,6.377,1.695,1.190,0.897,0.664,0.176,0.547
2021,Kosovo,Central and Eastern Europe,6.372,0.937,0.870,0.483,0.593,0.356,0.140
2021,Slovakia,Central and Eastern Europe,6.331,1.340,1.660,0.653,0.468,0.170,0.180
2021,Brazil,Latin America and Caribbean,6.330,1.280,0.944,0.571,0.514,0.142,0.117
2021,Mexico,Latin America and Caribbean,6.317,1.126,0.830,0.634,0.585,0.920,0.890
2021,Jamaica,Latin America and Caribbean,6.390,0.891,0.932,0.599,0.618,0.990,0.350
2021,Lithuania,Central and Eastern Europe,6.255,1.350,1.650,0.612,0.476,0.560,0.730
2021,Cyprus,Western Europe,6.223,1.377,0.765,0.810,0.464,0.178,0.610
2021,Estonia,Central and Eastern Europe,6.189,1.344,1.790,0.640,0.641,0.119,0.263
2021,Panama,Latin America and Caribbean,6.180,1.298,0.976,0.667,0.596,0.790,0.530
2021,Uzbekistan,Commonwealth of Independent States,6.179,0.769,1.270,0.528,0.716,0.391,0.271
2021,Chile,Latin America and Caribbean,6.172,1.200,0.946,0.678,0.438,0.159,0.700
2021,Poland,Central and Eastern Europe,6.166,1.390,0.982,0.668,0.558,0.800,0.130
2021,Kazakhstan,Commonwealth of Independent States,6.152,1.230,1.130,0.527,0.573,0.143,0.132
2021,Romania,Central and Eastern Europe,6.140,1.275,0.832,0.595,0.564,0.450,0.100
2021,Serbia,Central and Eastern Europe,6.780,1.110,0.924,0.634,0.482,0.189,0.660
2021,El Salvador,Latin America and Caribbean,6.610,0.845,0.675,0.565,0.615,0.116,0.160
2021,Mauritius,Sub-Saharan Africa,6.490,1.178,0.996,0.574,0.590,0.153,0.960
2021,Latvia,Central and Eastern Europe,6.320,1.285,1.470,0.587,0.450,0.820,0.890
2021,Colombia,Latin America and Caribbean,6.120,1.210,0.866,0.615,0.554,0.100,0.630
2021,Hungary,Central and Eastern Europe,5.992,1.310,1.830,0.615,0.454,0.670,0.400
2021,Thailand,Southeast Asia,5.985,1.170,0.957,0.596,0.611,0.375,0.280
2021,Nicaragua,Latin America and Caribbean,5.972,0.693,0.940,0.640,0.553,0.210,0.176
2021,Japan,East Asia,5.940,1.389,0.949,0.838,0.540,0.200,0.192
2021,Argentina,Latin America and Caribbean,5.929,1.162,0.980,0.646,0.544,0.690,0.670
2021,Portugal,Western Europe,5.929,1.323,0.939,0.760,0.621,0.290,0.330
2021,Honduras,Latin America and Caribbean,5.919,0.730,0.787,0.593,0.578,0.241,0.830
2021,Croatia,Central and Eastern Europe,5.882,1.251,1.390,0.730,0.453,0.111,0.300
2021,Philippines,Southeast Asia,5.880,0.853,0.828,0.426,0.651,0.125,0.126
2021,South Korea,East Asia,5.845,1.430,0.758,0.810,0.353,0.134,0.135
2021,Peru,Latin America and Caribbean,5.840,0.986,0.833,0.623,0.536,0.870,0.310
2021,Bosnia and Herzegovina,Central and Eastern Europe,5.813,1.320,0.919,0.618,0.395,0.261,0.500
2021,Moldova,Central and Eastern Europe,5.766,0.985,0.888,0.542,0.536,0.137,0.130
2021,Ecuador,Latin America and Caribbean,5.764,0.935,0.860,0.640,0.560,0.170,0.620
2021,Kyrgyzstan,Commonwealth of Independent States,5.744,0.665,0.971,0.510,0.673,0.266,0.200
2021,Greece,Western Europe,5.723,1.273,0.811,0.760,0.243,0.475,0.740
2021,Bolivia,Latin America and Caribbean,5.716,0.842,0.782,0.486,0.600,0.138,0.640
2021,Mongolia,East Asia,5.677,0.966,1.650,0.442,0.397,0.263,0.530
2021,Paraguay,Latin America and Caribbean,5.653,0.983,0.970,0.549,0.620,0.260,0.370
2021,Montenegro,Central and Eastern Europe,5.581,1.155,0.891,0.637,0.397,0.166,0.810
2021,Dominican Republic,Latin America and Caribbean,5.545,1.160,0.879,0.555,0.581,0.110,0.144
2021,Russia,Central and Eastern Europe,5.477,1.241,0.992,0.511,0.490,0.115,0.600
2021,Hong Kong S.A.R. of China,East Asia,5.477,1.525,0.841,0.893,0.480,0.232,0.342
2021,Tajikistan,Commonwealth of Independent States,5.466,0.580,0.895,0.498,0.548,0.152,0.247
2021,Vietnam,Southeast Asia,5.411,0.817,0.873,0.616,0.679,0.124,0.910
2021,Malaysia,Southeast Asia,5.384,1.259,0.797,0.587,0.624,0.270,0.640
2021,Indonesia,Southeast Asia,5.345,0.954,0.786,0.433,0.598,0.541,0.460
2021,China,East Asia,5.339,1.610,0.785,0.665,0.636,0.930,0.117
2021,Ivory Coast,Sub-Saharan Africa,5.360,0.669,0.490,0.520,0.438,0.177,0.920
2021,Armenia,Central and Eastern Europe,5.283,0.996,0.758,0.585,0.540,0.790,0.198
2021,Nepal,South Asia,5.269,0.519,0.720,0.496,0.488,0.287,0.135
2021,Bulgaria,Central and Eastern Europe,5.266,1.181,1.550,0.583,0.494,0.125,0.500
2021,Cameroon,Sub-Saharan Africa,5.142,0.543,0.556,0.159,0.425,0.250,0.580
2021,Senegal,Sub-Saharan Africa,5.132,0.518,0.558,0.357,0.381,0.158,0.880
2021,Albania,Central and Eastern Europe,5.117,1.800,0.529,0.646,0.491,0.168,0.240
2021,North Macedonia,Central and Eastern Europe,5.110,1.680,0.772,0.535,0.450,0.212,0.220
2021,Ghana,Sub-Saharan Africa,5.880,0.680,0.595,0.287,0.517,0.268,0.580
2021,Niger,Sub-Saharan Africa,5.740,0.162,0.420,0.167,0.516,0.200,0.157
2021,Benin,Sub-Saharan Africa,5.450,0.570,0.580,0.196,0.457,0.166,0.178
2021,Bangladesh,South Asia,5.250,0.635,0.520,0.514,0.630,0.161,0.164
2021,Guinea,Sub-Saharan Africa,4.984,0.420,0.399,0.260,0.384,0.250,0.111
2021,South Africa,Sub-Saharan Africa,4.956,0.967,0.895,0.265,0.447,0.144,0.510
2021,Pakistan,South Asia,4.934,0.637,0.423,0.322,0.418,0.252,0.970
2021,Morocco,Middle East and North Africa,4.918,0.792,0.219,0.558,0.477,0.340,0.880
2021,Venezuela,Latin America and Caribbean,4.892,0.852,0.897,0.574,0.284,0.780,0.720
2021,Georgia,Central and Eastern Europe,4.891,1.300,0.470,0.498,0.488,0.320,0.181
2021,Algeria,Middle East and North Africa,4.887,0.946,0.765,0.552,0.119,0.144,0.120
2021,Ukraine,Central and Eastern Europe,4.875,0.979,0.958,0.517,0.417,0.181,0.100
2021,Iraq,Middle East and North Africa,4.854,0.910,0.638,0.381,0.320,0.153,0.410
2021,Gabon,Sub-Saharan Africa,4.852,1.370,0.770,0.362,0.424,0.580,0.640
2021,Burkina Faso,Sub-Saharan Africa,4.834,0.364,0.472,0.179,0.381,0.182,0.122
2021,Cambodia,Southeast Asia,4.830,0.630,0.680,0.426,0.720,0.210,0.610
2021,Nigeria,Sub-Saharan Africa,4.759,0.663,0.625,0.510,0.433,0.212,0.390
2021,Mali,Sub-Saharan Africa,4.723,0.387,0.590,0.110,0.384,0.164,0.720
2021,Iran,Middle East and North Africa,4.721,1.300,0.557,0.561,0.275,0.330,0.144
2021,Uganda,Sub-Saharan Africa,4.636,0.364,0.718,0.240,0.398,0.267,0.540
2021,Liberia,Sub-Saharan Africa,4.625,0.228,0.580,0.253,0.430,0.221,0.570
2021,Kenya,Sub-Saharan Africa,4.670,0.630,0.580,0.385,0.483,0.375,0.730
2021,Tunisia,Middle East and North Africa,4.596,0.919,0.515,0.590,0.334,0.570,0.440
2021,Lebanon,Middle East and North Africa,4.584,1.450,0.868,0.595,0.175,0.140,0.260
2021,Myanmar,Southeast Asia,4.426,0.666,0.713,0.341,0.610,0.520,0.178
2021,Jordan,Middle East and North Africa,4.395,0.890,0.685,0.583,0.455,0.790,0.150
2021,Chad,Sub-Saharan Africa,4.355,0.255,0.353,0.304,0.240,0.215,0.840
2021,Sri Lanka,South Asia,4.325,0.990,0.820,0.593,0.559,0.239,0.490
2021,Egypt,Middle East and North Africa,4.283,0.954,0.647,0.426,0.446,0.690,0.920
2021,Ethiopia,Sub-Saharan Africa,4.275,0.370,0.679,0.331,0.451,0.241,0.114
2021,Mauritania,Sub-Saharan Africa,4.227,0.666,0.749,0.273,0.218,0.119,0.133
2021,Madagascar,Sub-Saharan Africa,4.280,0.266,0.530,0.341,0.270,0.185,0.870
2021,Togo,Sub-Saharan Africa,4.170,0.254,0.239,0.230,0.289,0.290,0.170
2021,Zambia,Sub-Saharan Africa,4.730,0.528,0.552,0.231,0.487,0.227,0.740
2021,Sierra Leone,Sub-Saharan Africa,3.849,0.279,0.377,0.100,0.480,0.243,0.470
2021,India,South Asia,3.819,0.741,0.316,0.383,0.622,0.246,0.160
2021,Tanzania,Sub-Saharan Africa,3.623,0.433,0.540,0.300,0.549,0.370,0.231
2021,Malawi,Sub-Saharan Africa,3.600,0.113,0.168,0.298,0.484,0.213,0.134
2021,Botswana,Sub-Saharan Africa,3.467,1.990,0.724,0.340,0.539,0.270,0.880
2021,Zimbabwe,Sub-Saharan Africa,3.145,0.457,0.649,0.243,0.359,0.157,0.750
2021,Afghanistan,South Asia,2.523,0.370,0.437,0.126,0.199,0.122,0.100
2022,Finland,Western Europe,7.821,1.892,1.258,0.775,0.736,0.190,0.534
2022,Denmark,Western Europe,7.636,1.953,1.243,0.777,0.719,0.188,0.532
2022,Iceland,Western Europe,7.557,1.936,1.320,0.830,0.718,0.270,0.191
2022,Switzerland,Western Europe,7.512,2.260,1.226,0.822,0.677,0.147,0.461
2022,Netherlands,Western Europe,7.415,1.945,1.260,0.787,0.651,0.271,0.419
2022,Luxembourg,Western Europe,7.440,2.290,1.155,0.790,0.700,0.120,0.388
2022,Sweden,Western Europe,7.384,1.920,1.240,0.830,0.724,0.218,0.512
2022,Norway,Western Europe,7.365,1.997,1.239,0.786,0.728,0.217,0.474
2022,Israel,Middle East and North Africa,7.364,1.826,1.221,0.818,0.568,0.155,0.143
2022,New Zealand,North America and ANZ,7.200,1.852,1.235,0.752,0.680,0.245,0.483
2022,Austria,Western Europe,7.163,1.931,1.165,0.774,0.623,0.193,0.329
2022,Australia,North America and ANZ,7.162,1.900,1.230,0.772,0.676,0.258,0.341
2022,Ireland,Western Europe,7.410,2.129,1.166,0.779,0.627,0.190,0.480
2022,Germany,Western Europe,7.340,1.924,1.880,0.776,0.585,0.163,0.358
2022,Canada,North America and ANZ,7.250,1.886,1.188,0.783,0.659,0.217,0.368
2022,United States,North America and ANZ,6.977,1.982,1.182,0.628,0.574,0.220,0.177
2022,United Kingdom,Western Europe,6.943,1.867,1.143,0.750,0.597,0.289,0.329
2022,Belgium,Western Europe,6.850,1.970,1.160,0.764,0.492,0.490,0.240
2022,France,Western Europe,6.687,1.863,1.219,0.880,0.567,0.700,0.266
2022,Bahrain,Middle East and North Africa,6.647,1.854,1.290,0.625,0.693,0.199,0.155
2022,Slovenia,Central and Eastern Europe,6.630,1.810,1.249,0.769,0.685,0.118,0.115
2022,Costa Rica,Latin America and Caribbean,6.582,1.584,1.540,0.744,0.661,0.890,0.120
2022,United Arab Emirates,Middle East and North Africa,6.576,1.998,0.980,0.633,0.720,0.240,0.250
2022,Saudi Arabia,Middle East and North Africa,6.523,1.870,1.920,0.577,0.651,0.780,0.180
2022,Taiwan Province of China,East Asia,6.512,1.897,1.950,0.733,0.542,0.750,0.168
2022,Singapore,Southeast Asia,6.480,2.149,1.127,0.851,0.672,0.163,0.587
2022,Romania,Central and Eastern Europe,6.477,1.719,1.600,0.655,0.650,0.390,0.600
2022,Spain,Western Europe,6.476,1.880,1.211,0.880,0.550,0.110,0.149
2022,Uruguay,Latin America and Caribbean,6.474,1.615,1.180,0.672,0.665,0.130,0.265
2022,Italy,Western Europe,6.467,1.834,1.520,0.810,0.412,0.850,0.590
2022,Kosovo,Central and Eastern Europe,6.455,1.362,0.949,0.569,0.599,0.390,0.350
2022,Malta,Western Europe,6.447,1.838,1.169,0.789,0.679,0.174,0.166
2022,Lithuania,Central and Eastern Europe,6.446,1.840,1.240,0.659,0.496,0.530,0.770
2022,Slovakia,Central and Eastern Europe,6.391,1.736,1.232,0.770,0.479,0.118,0.250
2022,Estonia,Central and Eastern Europe,6.341,1.793,1.232,0.728,0.689,0.123,0.333
2022,Panama,Latin America and Caribbean,6.390,1.715,1.170,0.790,0.592,0.490,0.510
2022,Brazil,Latin America and Caribbean,6.293,1.462,1.440,0.615,0.546,0.131,0.134
2022,Guatemala,Latin America and Caribbean,6.262,1.274,0.831,0.522,0.662,0.112,0.115
2022,Kazakhstan,Commonwealth of Independent States,6.234,1.668,1.220,0.611,0.584,0.134,0.157
2022,Cyprus,Western Europe,6.221,1.815,0.990,0.819,0.448,0.123,0.620
2022,Latvia,Central and Eastern Europe,6.180,1.732,1.221,0.637,0.520,0.750,0.900
2022,Serbia,Central and Eastern Europe,6.178,1.550,1.860,0.658,0.546,0.219,0.880
2022,Chile,Latin America and Caribbean,6.172,1.651,1.800,0.748,0.460,0.124,0.690
2022,Nicaragua,Latin America and Caribbean,6.165,1.150,1.290,0.617,0.617,0.168,0.212
2022,Mexico,Latin America and Caribbean,6.128,1.552,0.886,0.623,0.621,0.920,0.115
2022,Croatia,Central and Eastern Europe,6.125,1.750,1.183,0.790,0.535,0.190,0.300
2022,Poland,Central and Eastern Europe,6.123,1.758,1.174,0.712,0.523,0.124,0.140
2022,El Salvador,Latin America and Caribbean,6.120,1.265,0.768,0.670,0.666,0.890,0.212
2022,Hungary,Central and Eastern Europe,6.860,1.748,1.233,0.668,0.485,0.780,0.640
2022,Mauritius,Sub-Saharan Africa,6.710,1.591,1.116,0.568,0.589,0.131,0.170
2022,Uzbekistan,Commonwealth of Independent States,6.630,1.219,1.920,0.600,0.716,0.283,0.240
2022,Japan,East Asia,6.390,1.835,1.890,0.866,0.537,0.700,0.218
2022,Honduras,Latin America and Caribbean,6.220,1.111,0.885,0.555,0.582,0.220,0.760
2022,Portugal,Western Europe,6.160,1.760,1.780,0.777,0.655,0.160,0.390
2022,Argentina,Latin America and Caribbean,5.967,1.592,1.120,0.662,0.555,0.810,0.850
2022,Greece,Western Europe,5.948,1.730,0.980,0.774,0.249,0.150,0.180
2022,South Korea,East Asia,5.935,1.851,0.886,0.841,0.414,0.111,0.176
2022,Philippines,Southeast Asia,5.940,1.268,0.912,0.514,0.678,0.170,0.142
2022,Thailand,Southeast Asia,5.891,1.535,1.960,0.697,0.617,0.321,0.260
2022,Moldova,Central and Eastern Europe,5.857,1.417,1.800,0.597,0.561,0.120,0.280
2022,Jamaica,Latin America and Caribbean,5.850,1.296,1.450,0.646,0.567,0.800,0.530
2022,Kyrgyzstan,Commonwealth of Independent States,5.828,1.690,1.190,0.638,0.693,0.280,0.250
2022,Colombia,Latin America and Caribbean,5.781,1.452,0.929,0.720,0.545,0.870,0.770
2022,Bosnia and Herzegovina,Central and Eastern Europe,5.768,1.468,1.680,0.665,0.448,0.244,0.600
2022,Mongolia,East Asia,5.761,1.393,1.197,0.467,0.398,0.247,0.590
2022,Dominican Republic,Latin America and Caribbean,5.737,1.538,1.300,0.577,0.660,0.840,0.179
2022,Malaysia,Southeast Asia,5.711,1.689,0.938,0.620,0.654,0.213,0.126
2022,Bolivia,Latin America and Caribbean,5.600,1.256,0.880,0.555,0.627,0.112,0.640
2022,China,East Asia,5.585,1.580,0.958,0.750,0.656,0.990,0.142
2022,Paraguay,Latin America and Caribbean,5.578,1.490,1.130,0.624,0.629,0.171,0.590
2022,Peru,Latin America and Caribbean,5.559,1.397,0.865,0.735,0.545,0.900,0.370
2022,Montenegro,Central and Eastern Europe,5.547,1.573,1.230,0.659,0.460,0.135,0.770
2022,Ecuador,Latin America and Caribbean,5.533,1.352,0.879,0.780,0.565,0.800,0.830
2022,Vietnam,Southeast Asia,5.485,1.252,0.932,0.611,0.770,0.143,0.150
2022,Russia,Central and Eastern Europe,5.459,1.685,1.950,0.586,0.410,0.117,0.800
2022,Hong Kong S.A.R. of China,East Asia,5.425,1.957,0.954,0.942,0.400,0.147,0.383
2022,Armenia,Central and Eastern Europe,5.399,1.434,0.820,0.668,0.558,0.540,0.210
2022,Tajikistan,Commonwealth of Independent States,5.377,0.966,1.500,0.518,0.572,0.118,0.340
2022,Nepal,South Asia,5.377,0.984,0.784,0.499,0.519,0.237,0.130
2022,Bulgaria,Central and Eastern Europe,5.371,1.625,1.163,0.640,0.563,0.123,0.210
2022,Indonesia,Southeast Asia,5.240,1.382,0.883,0.539,0.620,0.468,0.470
2022,Ivory Coast,Sub-Saharan Africa,5.235,1.940,0.442,0.322,0.451,0.149,0.124
2022,North Macedonia,Central and Eastern Europe,5.199,1.550,0.863,0.637,0.488,0.215,0.310
2022,Albania,Central and Eastern Europe,5.199,1.439,0.646,0.719,0.511,0.138,0.280
2022,South Africa,Sub-Saharan Africa,5.194,1.425,1.880,0.361,0.442,0.890,0.460
2022,Bangladesh,South Asia,5.155,1.600,0.614,0.581,0.622,0.125,0.187
2022,Algeria,Middle East and North Africa,5.122,1.363,0.970,0.643,0.146,0.160,0.150
2022,Liberia,Sub-Saharan Africa,5.122,0.636,0.670,0.390,0.450,0.178,0.800
2022,Ukraine,Central and Eastern Europe,5.840,1.411,1.810,0.583,0.473,0.188,0.170
2022,Morocco,Middle East and North Africa,5.600,1.280,0.268,0.565,0.492,0.200,0.120
2022,Cameroon,Sub-Saharan Africa,5.480,0.968,0.672,0.317,0.397,0.152,0.740
2022,Senegal,Sub-Saharan Africa,5.460,0.933,0.530,0.447,0.494,0.143,0.810
2022,Niger,Sub-Saharan Africa,5.300,0.570,0.560,0.326,0.571,0.165,0.145
2022,Georgia,Central and Eastern Europe,4.973,1.467,0.612,0.595,0.580,0.477,0.280
2022,Gabon,Sub-Saharan Africa,4.958,1.459,0.738,0.396,0.343,0.320,0.990
2022,Iraq,Middle East and North Africa,4.941,1.289,0.682,0.554,0.328,0.147,0.460
2022,Venezuela,Latin America and Caribbean,4.925,0.996,0.968,0.578,0.283,0.225,0.820
2022,Guinea,Sub-Saharan Africa,4.891,0.848,0.566,0.275,0.334,0.214,0.116
2022,Iran,Middle East and North Africa,4.888,1.410,0.741,0.642,0.281,0.241,0.146
2022,Ghana,Sub-Saharan Africa,4.872,1.112,0.595,0.490,0.500,0.230,0.560
2022,Burkina Faso,Sub-Saharan Africa,4.670,0.779,0.565,0.320,0.382,0.186,0.126
2022,Cambodia,Southeast Asia,4.640,1.190,0.732,0.550,0.740,0.166,0.680
2022,Benin,Sub-Saharan Africa,4.623,0.932,0.640,0.335,0.479,0.127,0.230
2022,Uganda,Sub-Saharan Africa,4.630,0.777,0.875,0.418,0.420,0.222,0.660
2022,Nigeria,Sub-Saharan Africa,4.552,1.790,0.732,0.300,0.444,0.175,0.380
2022,Kenya,Sub-Saharan Africa,4.543,1.320,0.650,0.410,0.440,0.322,0.820
2022,Tunisia,Middle East and North Africa,4.516,1.350,0.596,0.656,0.316,0.290,0.290
2022,Pakistan,South Asia,4.516,1.490,0.413,0.374,0.448,0.181,0.112
2022,Mali,Sub-Saharan Africa,4.479,0.792,0.483,0.311,0.350,0.128,0.420
2022,Myanmar,Southeast Asia,4.394,1.380,0.829,0.491,0.513,0.452,0.194
2022,Sri Lanka,South Asia,4.362,1.415,0.934,0.660,0.529,0.150,0.790
2022,Madagascar,Sub-Saharan Africa,4.339,0.670,0.645,0.378,0.220,0.143,0.154
2022,Egypt,Middle East and North Africa,4.288,1.388,0.732,0.548,0.469,0.410,0.254
2022,Chad,Sub-Saharan Africa,4.251,0.662,0.560,0.225,0.180,0.182,0.770
2022,Ethiopia,Sub-Saharan Africa,4.241,0.788,0.890,0.457,0.472,0.250,0.136
2022,Mauritania,Sub-Saharan Africa,4.153,1.100,0.865,0.450,0.340,0.880,0.138
2022,Jordan,Middle East and North Africa,4.152,1.324,0.724,0.675,0.476,0.580,0.200
2022,Togo,Sub-Saharan Africa,4.112,0.771,0.322,0.360,0.292,0.174,0.132
2022,India,South Asia,3.777,1.167,0.376,0.471,0.647,0.198,0.123
2022,Zambia,Sub-Saharan Africa,3.760,0.930,0.577,0.360,0.525,0.230,0.830
2022,Malawi,Sub-Saharan Africa,3.750,0.648,0.279,0.388,0.477,0.140,0.157
2022,Tanzania,Sub-Saharan Africa,3.720,0.848,0.597,0.425,0.578,0.248,0.270
2022,Sierra Leone,Sub-Saharan Africa,3.574,0.686,0.416,0.273,0.387,0.220,0.550
2022,Botswana,Sub-Saharan Africa,3.471,1.530,0.815,0.280,0.571,0.120,0.120
2022,Zimbabwe,Sub-Saharan Africa,2.995,0.947,0.690,0.270,0.329,0.160,0.150
2022,Lebanon,Middle East and North Africa,2.955,1.392,0.498,0.631,0.130,0.820,0.340
2022,Afghanistan,South Asia,2.440,0.758,0.437,0.289,0.199,0.890,0.500
2023,Finland,Western Europe,7.840,1.888,1.585,0.535,0.772,0.126,0.535
2023,Denmark,Western Europe,7.586,1.949,1.548,0.537,0.734,0.280,0.525
2023,Iceland,Western Europe,7.530,1.926,1.620,0.559,0.738,0.250,0.187
2023,Israel,Middle East and North Africa,7.473,1.833,1.521,0.577,0.569,0.124,0.158
2023,Netherlands,Western Europe,7.430,1.942,1.488,0.545,0.672,0.251,0.394
2023,Sweden,Western Europe,7.395,1.921,1.510,0.562,0.754,0.225,0.520
2023,Norway,Western Europe,7.315,1.994,1.521,0.544,0.752,0.212,0.463
2023,Switzerland,Western Europe,7.240,2.220,1.463,0.582,0.678,0.151,0.475
2023,Luxembourg,Western Europe,7.228,2.200,1.357,0.549,0.710,0.149,0.418
2023,New Zealand,North America and ANZ,7.123,1.842,1.544,0.513,0.672,0.230,0.471
2023,Austria,Western Europe,7.970,1.927,1.382,0.535,0.630,0.191,0.310
2023,Australia,North America and ANZ,7.950,1.899,1.497,0.532,0.677,0.242,0.310
2023,Canada,North America and ANZ,6.961,1.881,1.484,0.541,0.656,0.218,0.364
2023,Ireland,Western Europe,6.911,2.152,1.425,0.539,0.656,0.186,0.490
2023,United States,North America and ANZ,6.894,1.980,1.460,0.390,0.557,0.210,0.172
2023,Germany,Western Europe,6.892,1.919,1.410,0.539,0.618,0.153,0.365
2023,Belgium,Western Europe,6.859,1.970,1.449,0.528,0.590,0.137,0.273
2023,United Kingdom,Western Europe,6.796,1.857,1.366,0.511,0.626,0.272,0.340
2023,Lithuania,Central and Eastern Europe,6.763,1.880,1.511,0.432,0.487,0.590,0.890
2023,France,Western Europe,6.661,1.856,1.433,0.566,0.582,0.830,0.270
2023,Slovenia,Central and Eastern Europe,6.650,1.815,1.539,0.532,0.770,0.144,0.113
2023,Costa Rica,Latin America and Caribbean,6.690,1.587,1.340,0.530,0.683,0.990,0.116
2023,Romania,Central and Eastern Europe,6.589,1.726,1.280,0.423,0.631,0.440,0.550
2023,Singapore,Southeast Asia,6.587,2.168,1.354,0.670,0.660,0.170,0.561
2023,United Arab Emirates,Middle East and North Africa,6.571,2.150,1.223,0.410,0.745,0.188,0.247
2023,Taiwan Province of China,East Asia,6.535,1.890,1.372,0.492,0.562,0.670,0.178
2023,Uruguay,Latin America and Caribbean,6.494,1.617,1.445,0.435,0.683,0.120,0.254
2023,Slovakia,Central and Eastern Europe,6.469,1.731,1.544,0.472,0.494,0.128,0.220
2023,Saudi Arabia,Middle East and North Africa,6.463,1.861,1.370,0.351,0.682,0.930,0.170
2023,Estonia,Central and Eastern Europe,6.455,1.798,1.526,0.494,0.728,0.153,0.372
2023,Spain,Western Europe,6.436,1.798,1.491,0.567,0.533,0.110,0.157
2023,Italy,Western Europe,6.450,1.832,1.365,0.559,0.438,0.970,0.630
2023,Kosovo,Central and Eastern Europe,6.368,1.374,1.269,0.372,0.639,0.275,0.450
2023,Chile,Latin America and Caribbean,6.334,1.645,1.384,0.511,0.546,0.131,0.760
2023,Mexico,Latin America and Caribbean,6.330,1.550,1.169,0.389,0.632,0.860,0.115
2023,Malta,Western Europe,6.300,1.841,1.468,0.547,0.671,0.200,0.143
2023,Panama,Latin America and Caribbean,6.265,1.714,1.420,0.475,0.630,0.650,0.360
2023,Poland,Central and Eastern Europe,6.260,1.767,1.474,0.477,0.511,0.120,0.139
2023,Nicaragua,Latin America and Caribbean,6.259,1.190,1.292,0.385,0.660,0.148,0.218
2023,Latvia,Central and Eastern Europe,6.213,1.737,1.550,0.450,0.580,0.170,0.710
2023,Bahrain,Middle East and North Africa,6.173,1.883,1.269,0.389,0.748,0.199,0.138
2023,Guatemala,Latin America and Caribbean,6.150,1.287,1.188,0.310,0.631,0.160,0.660
2023,Kazakhstan,Commonwealth of Independent States,6.144,1.664,1.491,0.389,0.628,0.136,0.149
2023,Serbia,Central and Eastern Europe,6.144,1.552,1.343,0.424,0.617,0.246,0.810
2023,Cyprus,Western Europe,6.130,1.824,1.224,0.580,0.455,0.140,0.500
2023,Japan,East Asia,6.129,1.825,1.396,0.622,0.556,0.900,0.270
2023,Croatia,Central and Eastern Europe,6.125,1.727,1.455,0.475,0.500,0.870,0.300
2023,Brazil,Latin America and Caribbean,6.125,1.454,1.250,0.387,0.558,0.131,0.137
2023,El Salvador,Latin America and Caribbean,6.122,1.278,1.440,0.383,0.713,0.790,0.222
2023,Hungary,Central and Eastern Europe,6.410,1.754,1.519,0.435,0.510,0.150,0.650
2023,Argentina,Latin America and Caribbean,6.240,1.590,1.388,0.427,0.587,0.880,0.820
2023,Honduras,Latin America and Caribbean,6.230,1.115,1.720,0.341,0.613,0.189,0.620
2023,Uzbekistan,Commonwealth of Independent States,6.140,1.227,1.347,0.375,0.740,0.260,0.280
2023,Malaysia,Southeast Asia,6.120,1.665,1.155,0.385,0.659,0.222,0.122
2023,Portugal,Western Europe,5.968,1.758,1.356,0.537,0.693,0.310,0.370
2023,South Korea,East Asia,5.951,1.853,1.188,0.630,0.446,0.112,0.163
2023,Greece,Western Europe,5.931,1.780,1.247,0.535,0.248,0.800,0.970
2023,Mauritius,Sub-Saharan Africa,5.920,1.589,1.382,0.336,0.574,0.121,0.110
2023,Thailand,Southeast Asia,5.843,1.515,1.344,0.461,0.624,0.291,0.130
2023,Mongolia,East Asia,5.840,1.379,1.494,0.244,0.425,0.239,0.580
2023,Kyrgyzstan,Commonwealth of Independent States,5.825,1.610,1.439,0.417,0.735,0.234,0.180
2023,Moldova,Central and Eastern Europe,5.819,1.425,1.320,0.375,0.610,0.930,0.200
2023,China,East Asia,5.818,1.510,1.249,0.468,0.666,0.115,0.145
2023,Vietnam,Southeast Asia,5.763,1.349,1.212,0.381,0.741,0.134,0.122
2023,Paraguay,Latin America and Caribbean,5.738,1.428,1.427,0.392,0.678,0.148,0.620
2023,Montenegro,Central and Eastern Europe,5.722,1.537,1.385,0.424,0.563,0.170,0.610
2023,Jamaica,Latin America and Caribbean,5.730,1.350,1.329,0.411,0.587,0.790,0.390
2023,Bolivia,Latin America and Caribbean,5.684,1.240,1.187,0.329,0.648,0.130,0.600
2023,Russia,Central and Eastern Europe,5.661,1.680,1.383,0.366,0.449,0.120,0.910
2023,Bosnia and Herzegovina,Central and Eastern Europe,5.633,1.467,1.361,0.429,0.485,0.247,0.800
2023,Colombia,Latin America and Caribbean,5.630,1.455,1.213,0.486,0.562,0.800,0.680
2023,Dominican Republic,Latin America and Caribbean,5.569,1.536,1.227,0.351,0.623,0.830,0.195
2023,Ecuador,Latin America and Caribbean,5.559,1.343,1.173,0.476,0.560,0.790,0.690
2023,Peru,Latin America and Caribbean,5.526,1.390,1.153,0.499,0.549,0.730,0.270
2023,Philippines,Southeast Asia,5.523,1.238,1.180,0.286,0.714,0.140,0.141
2023,Bulgaria,Central and Eastern Europe,5.466,1.635,1.457,0.480,0.557,0.160,0.130
2023,Nepal,South Asia,5.360,0.979,1.270,0.281,0.567,0.215,0.140
2023,Armenia,Central and Eastern Europe,5.342,1.466,1.134,0.443,0.551,0.530,0.160
2023,Tajikistan,Commonwealth of Independent States,5.330,0.972,1.248,0.291,0.599,0.140,0.292
2023,Algeria,Middle East and North Africa,5.329,1.353,1.298,0.490,0.252,0.730,0.152
2023,Hong Kong S.A.R. of China,East Asia,5.380,1.951,1.210,0.720,0.470,0.123,0.390
2023,Albania,Central and Eastern Europe,5.277,1.449,0.951,0.480,0.549,0.133,0.370
2023,Indonesia,Southeast Asia,5.277,1.384,1.169,0.314,0.663,0.422,0.380
2023,South Africa,Sub-Saharan Africa,5.275,1.417,1.428,0.149,0.464,0.900,0.190
2023,North Macedonia,Central and Eastern Europe,5.254,1.498,1.171,0.480,0.515,0.270,0.200
2023,Venezuela,Latin America and Caribbean,5.211,0.996,1.257,0.341,0.369,0.250,0.840
2023,Georgia,Central and Eastern Europe,5.190,1.477,0.947,0.366,0.539,0.477,0.210
2023,Guinea,Sub-Saharan Africa,5.720,0.844,0.776,0.720,0.369,0.240,0.120
2023,Ukraine,Central and Eastern Europe,5.710,1.358,1.354,0.355,0.551,0.265,0.160
2023,Ivory Coast,Sub-Saharan Africa,5.530,1.940,0.584,0.120,0.467,0.138,0.131
2023,Gabon,Sub-Saharan Africa,5.350,1.438,1.210,0.183,0.346,0.360,0.120
2023,Nigeria,Sub-Saharan Africa,4.981,1.650,1.700,0.920,0.448,0.176,0.130
2023,Cameroon,Sub-Saharan Africa,4.973,0.965,0.871,0.118,0.450,0.144,0.590
2023,Iraq,Middle East and North Africa,4.941,1.281,0.953,0.324,0.351,0.134,0.380
2023,Morocco,Middle East and North Africa,4.930,1.236,0.535,0.337,0.540,0.130,0.850
2023,Iran,Middle East and North Africa,4.876,1.465,1.120,0.411,0.281,0.229,0.130
2023,Senegal,Sub-Saharan Africa,4.855,0.943,0.727,0.231,0.519,0.142,0.600
2023,Mauritania,Sub-Saharan Africa,4.724,1.990,0.764,0.244,0.320,0.130,0.195
2023,Burkina Faso,Sub-Saharan Africa,4.638,0.768,0.814,0.170,0.419,0.188,0.113
2023,Ghana,Sub-Saharan Africa,4.650,1.110,0.756,0.197,0.526,0.211,0.350
2023,Pakistan,South Asia,4.555,1.810,0.657,0.158,0.511,0.141,0.120
2023,Niger,Sub-Saharan Africa,4.510,0.561,0.628,0.137,0.540,0.154,0.140
2023,Tunisia,Middle East and North Africa,4.497,1.333,0.981,0.422,0.259,0.220,0.160
2023,Kenya,Sub-Saharan Africa,4.487,1.510,0.881,0.190,0.418,0.291,0.550
2023,Sri Lanka,South Asia,4.442,1.422,1.224,0.426,0.539,0.120,0.860
2023,Uganda,Sub-Saharan Africa,4.432,0.785,1.144,0.210,0.425,0.197,0.510
2023,Chad,Sub-Saharan Africa,4.397,0.622,0.962,0.430,0.393,0.255,0.880
2023,Cambodia,Southeast Asia,4.393,1.250,1.240,0.283,0.768,0.176,0.510
2023,Benin,Sub-Saharan Africa,4.374,0.924,0.242,0.124,0.481,0.114,0.253
2023,Myanmar,Southeast Asia,4.372,1.320,1.125,0.269,0.460,0.400,0.194
2023,Bangladesh,South Asia,4.282,1.133,0.513,0.355,0.617,0.139,0.165
2023,Mali,Sub-Saharan Africa,4.198,0.763,0.637,0.160,0.441,0.121,0.590
2023,Egypt,Middle East and North Africa,4.170,1.377,0.972,0.326,0.467,0.380,0.250
2023,Togo,Sub-Saharan Africa,4.137,0.770,0.642,0.161,0.367,0.149,0.136
2023,Jordan,Middle East and North Africa,4.120,1.292,0.980,0.438,0.517,0.560,0.173
2023,Ethiopia,Sub-Saharan Africa,4.910,0.793,1.114,0.250,0.451,0.283,0.110
2023,Liberia,Sub-Saharan Africa,4.420,0.628,0.644,0.141,0.471,0.219,0.710
2023,India,South Asia,4.360,1.159,0.674,0.252,0.685,0.175,0.111
2023,Madagascar,Sub-Saharan Africa,4.190,0.632,0.779,0.178,0.187,0.177,0.134
2023,Zambia,Sub-Saharan Africa,3.982,0.914,0.890,0.950,0.545,0.189,0.800
2023,Tanzania,Sub-Saharan Africa,3.694,0.836,0.787,0.214,0.670,0.234,0.269
2023,Malawi,Sub-Saharan Africa,3.495,0.637,0.479,0.189,0.490,0.139,0.129
2023,Botswana,Sub-Saharan Africa,3.435,1.471,1.410,0.870,0.480,0.210,0.710
2023,Zimbabwe,Sub-Saharan Africa,3.240,0.758,0.881,0.690,0.363,0.112,0.117
2023,Sierra Leone,Sub-Saharan Africa,3.138,0.670,0.540,0.920,0.371,0.193,0.510
2023,Lebanon,Middle East and North Africa,2.392,1.417,0.476,0.398,0.123,0.610,0.270
2023,Afghanistan,South Asia,1.859,0.645,0.437,0.870,0.199,0.930,0.590
